"Name","timestamp","CPU|Capacity Usage (%)","CPU|Capacity Usage (%) (Trend)","CPU|Capacity Usage (%) (5 days forecast)","Memory|Usage (%)","Memory|Usage (%) (Trend)","Memory|Usage (%) (5 days forecast)"
"MDC-Stretch","Oct 30, 2025, 7:00:00 PM","0.19","-","-","0.71","-","-"
"MDC-Stretch","Oct 31, 2025, 7:00:00 PM","0.19","-","-","0.71","-","-"
"MDC-Stretch","Nov 1, 2025, 7:00:00 PM","0.19","-","-","0.71","-","-"
"MDC-Stretch","Nov 2, 2025, 7:00:00 PM","0.19","-","-","0.71","-","-"
"MDC-Stretch","Nov 3, 2025, 7:00:00 PM","0.19","-","-","0.71","-","-"
"MDC-Stretch","Nov 4, 2025, 7:00:00 PM","0.19","-","-","0.71","-","-"
"MDC-Stretch","Nov 5, 2025, 7:00:00 PM","0.19","-","-","0.71","-","-"
"MDC-Stretch","Nov 6, 2025, 7:00:00 PM","0.19","-","-","0.71","-","-"
"MDC-Stretch","Nov 7, 2025, 7:00:00 PM","0.19","-","-","0.71","-","-"
"MDC-Stretch","Nov 8, 2025, 7:00:00 PM","0.19","-","-","0.71","-","-"
"MDC-Stretch","Nov 9, 2025, 7:00:00 PM","0.19","-","-","0.71","-","-"
"MDC-Stretch","Nov 10, 2025, 7:00:00 PM","0.19","-","-","0.71","-","-"
"MDC-Stretch","Nov 11, 2025, 7:00:00 PM","0.19","-","-","0.71","-","-"
"MDC-Stretch","Nov 12, 2025, 7:00:00 PM","0.19","-","-","0.71","-","-"
"MDC-Stretch","Nov 13, 2025, 7:00:00 PM","0.19","-","-","0.71","-","-"
"MDC-Stretch","Nov 14, 2025, 7:00:00 PM","0.19","-","-","0.71","-","-"
"MDC-Stretch","Nov 15, 2025, 7:00:00 PM","0.19","-","-","0.71","-","-"
"MDC-Stretch","Nov 16, 2025, 7:00:00 PM","0.19","-","-","0.71","-","-"
"MDC-Stretch","Nov 17, 2025, 7:00:00 PM","0.19","-","-","0.71","-","-"
"MDC-Stretch","Nov 18, 2025, 7:00:00 PM","0.19","-","-","0.71","-","-"
"MDC-Stretch","Nov 19, 2025, 7:00:00 PM","0.19","-","-","0.71","-","-"
"MDC-Stretch","Nov 20, 2025, 7:00:00 PM","0.19","-","-","0.71","-","-"
"MDC-Stretch","Nov 21, 2025, 7:00:00 PM","0.19","-","-","0.71","-","-"
"MDC-Stretch","Nov 22, 2025, 7:00:00 PM","0.19","-","-","0.71","-","-"
"MDC-Stretch","Nov 23, 2025, 7:00:00 PM","0.19","-","-","0.71","-","-"
"MDC-Stretch","Nov 24, 2025, 7:00:00 PM","0.19","-","-","0.71","-","-"
"MDC-Stretch","Nov 25, 2025, 7:00:00 PM","0.19","-","-","0.71","-","-"
"MDC-Stretch","Nov 26, 2025, 7:00:00 PM","0.19","-","-","0.71","-","-"
"MDC-Stretch","Nov 27, 2025, 7:00:00 PM","0.19","-","-","0.71","-","-"
"MDC-Stretch","Nov 28, 2025, 7:00:00 PM","0.19","-","-","0.71","-","-"
"MDC-Stretch","Nov 29, 2025, 7:00:00 PM","0.19","-","-","0.71","-","-"
"MDC-Stretch","Nov 30, 2025, 7:00:00 PM","0.19","-","-","0.71","-","-"
"MDC-Stretch","Dec 1, 2025, 7:00:00 PM","0.19","-","-","0.71","-","-"
"MDC-Stretch","Dec 2, 2025, 7:00:00 PM","0.19","-","-","0.71","-","-"
"MDC-Stretch","Dec 3, 2025, 7:00:00 PM","0.19","-","-","0.71","-","-"
"MDC-Stretch","Dec 4, 2025, 7:00:00 PM","0.19","-","-","0.71","-","-"
"MDC-Stretch","Dec 5, 2025, 7:00:00 PM","0.19","-","-","0.71","-","-"
"MDC-Stretch","Dec 6, 2025, 7:00:00 PM","0.19","-","-","0.71","-","-"
"MDC-Stretch","Dec 7, 2025, 7:00:00 PM","0.19","-","-","0.71","-","-"
"MDC-Stretch","Dec 8, 2025, 7:00:00 PM","0.19","-","-","0.71","-","-"
"MDC-Stretch","Dec 9, 2025, 7:00:00 PM","0.19","-","-","0.71","-","-"
"MDC-Stretch","Dec 10, 2025, 7:00:00 PM","0.19","-","-","0.71","-","-"
"MDC-Stretch","Dec 11, 2025, 7:00:00 PM","0.19","-","-","0.71","-","-"
"MDC-Stretch","Dec 12, 2025, 7:00:00 PM","0.19","-","-","0.71","-","-"
"MDC-Stretch","Dec 13, 2025, 7:00:00 PM","0.19","-","-","0.71","-","-"
"MDC-Stretch","Dec 14, 2025, 7:00:00 PM","0.19","-","-","0.71","-","-"
"MDC-Stretch","Dec 15, 2025, 7:00:00 PM","0.19","-","-","0.71","-","-"
"MDC-Stretch","Dec 16, 2025, 7:00:00 PM","0.19","-","-","0.71","-","-"
"MDC-Stretch","Dec 17, 2025, 7:00:00 PM","0.19","-","-","0.71","-","-"
"MDC-Stretch","Dec 18, 2025, 7:00:00 PM","0.19","-","-","0.71","-","-"
"MDC-Stretch","Dec 19, 2025, 7:00:00 PM","0.19","-","-","0.71","-","-"
"MDC-Stretch","Dec 20, 2025, 7:00:00 PM","0.19","-","-","0.71","-","-"
"MDC-Stretch","Dec 21, 2025, 7:00:00 PM","0.19","-","-","0.71","-","-"
"MDC-Stretch","Dec 22, 2025, 7:00:00 PM","0.19","-","-","0.71","-","-"
"MDC-Stretch","Dec 23, 2025, 7:00:00 PM","0.19","-","-","0.71","-","-"
"MDC-Stretch","Dec 24, 2025, 7:00:00 PM","0.19","-","-","0.71","-","-"
"MDC-Stretch","Dec 25, 2025, 7:00:00 PM","0.19","-","-","0.71","-","-"
"MDC-Stretch","Dec 26, 2025, 7:00:00 PM","0.19","-","-","0.71","-","-"
"MDC-Stretch","Dec 27, 2025, 7:00:00 PM","0.19","-","-","0.71","-","-"
"MDC-Stretch","Dec 28, 2025, 7:00:00 PM","0.19","-","-","0.71","-","-"
"MDC-Stretch","Dec 29, 2025, 7:00:00 PM","0.19","-","-","0.71","-","-"
"MDC-Stretch","Dec 30, 2025, 7:00:00 PM","0.19","-","-","0.71","-","-"
"MDC-Stretch","Dec 31, 2025, 7:00:00 PM","0.19","-","-","0.71","-","-"
"MDC-Stretch","Jan 1, 2026, 7:00:00 PM","0.19","-","-","0.71","-","-"
"MDC-Stretch","Jan 2, 2026, 7:00:00 PM","0.19","-","-","0.71","-","-"
"MDC-Stretch","Jan 3, 2026, 7:00:00 PM","0.19","-","-","0.71","-","-"
"MDC-Stretch","Jan 4, 2026, 7:00:00 PM","0.19","-","-","0.71","-","-"
"MDC-Stretch","Jan 5, 2026, 7:00:00 PM","0.19","-","-","0.71","-","-"
"MDC-Stretch","Jan 6, 2026, 7:00:00 PM","0.19","-","-","0.71","-","-"
"MDC-Stretch","Jan 7, 2026, 7:00:00 PM","0.19","-","-","0.71","-","-"
"MDC-Stretch","Jan 8, 2026, 7:00:00 PM","0.19","-","-","0.71","-","-"
"MDC-Stretch","Jan 9, 2026, 7:00:00 PM","0.19","-","-","0.71","-","-"
"MDC-Stretch","Jan 10, 2026, 7:00:00 PM","0.19","-","-","0.71","-","-"
"MDC-Stretch","Jan 11, 2026, 7:00:00 PM","0.2","-","-","0.71","-","-"
"MDC-Stretch","Jan 12, 2026, 7:00:00 PM","0.2","-","-","0.71","-","-"
"MDC-Stretch","Jan 13, 2026, 7:00:00 PM","0.2","-","-","0.71","-","-"
"MDC-Stretch","Jan 14, 2026, 7:00:00 PM","0.2","-","-","0.71","-","-"
"MDC-Stretch","Jan 15, 2026, 7:00:00 PM","0.2","-","-","0.71","-","-"
"MDC-Stretch","Jan 16, 2026, 7:00:00 PM","0.19","-","-","0.71","-","-"
"MDC-Stretch","Jan 17, 2026, 7:00:00 PM","0.19","-","-","0.71","-","-"
"MDC-Stretch","Jan 18, 2026, 7:00:00 PM","0.19","-","-","0.71","-","-"
"MDC-Stretch","Jan 19, 2026, 7:00:00 PM","0.19","-","-","0.71","-","-"
"MDC-Stretch","Jan 20, 2026, 7:00:00 PM","0.19","-","-","0.71","-","-"
"MDC-Stretch","Jan 21, 2026, 7:00:00 PM","0.19","-","-","0.71","-","-"
"MDC-Stretch","Jan 22, 2026, 7:00:00 PM","0.2","-","-","0.71","-","-"
"MDC-Stretch","Jan 23, 2026, 7:00:00 PM","0.19","-","-","0.71","-","-"
"MDC-Stretch","Jan 24, 2026, 7:00:00 PM","0.19","-","-","0.71","-","-"
"MDC-Stretch","Jan 25, 2026, 7:00:00 PM","0.19","-","-","0.71","-","-"
"MDC-Stretch","Jan 26, 2026, 7:00:00 PM","0.19","-","-","0.71","-","-"
"MDC-Stretch","Jan 27, 2026, 7:00:00 PM","0.19","-","-","0.71","-","-"
"MDC-Stretch","Jan 28, 2026, 7:00:00 PM","0.19","-","-","0.71","-","-"
"MDC-Stretch","Jan 29, 2026, 7:00:00 PM","0.19","-","-","0.71","-","-"
"MDC-Stretch","Jan 30, 2026, 11:05:14 AM","-","0.76","-","-","0.72","-"
"MDC-Stretch","Jan 30, 2026, 7:00:00 PM","0.19","-","-","0.71","-","-"
"MDC-Stretch","Jan 31, 2026, 11:07:07 AM","-","0.75","-","-","0.72","-"
"MDC-Stretch","Jan 31, 2026, 7:00:00 PM","0.19","-","-","0.71","-","-"
"MDC-Stretch","Feb 1, 2026, 11:04:34 AM","-","0.8","-","-","0.72","-"
"MDC-Stretch","Feb 1, 2026, 7:00:00 PM","0.19","-","-","0.71","-","-"
"MDC-Stretch","Feb 2, 2026, 11:06:48 AM","-","0.9","-","-","0.72","-"
"MDC-Stretch","Feb 2, 2026, 7:00:00 PM","0.19","-","-","0.71","-","-"
"MDC-Stretch","Feb 3, 2026, 11:03:59 AM","-","0.99","-","-","0.72","-"
"MDC-Stretch","Feb 3, 2026, 7:00:00 PM","0.19","-","-","0.71","-","-"
"MDC-Stretch","Feb 4, 2026, 11:05:57 AM","-","0.98","-","-","0.72","-"
"MDC-Stretch","Feb 4, 2026, 7:00:00 PM","0.19","-","-","0.71","-","-"
"MDC-Stretch","Feb 5, 2026, 11:03:00 AM","-","0.87","-","-","0.72","-"
"MDC-Stretch","Feb 5, 2026, 7:00:00 PM","0.19","-","-","0.71","-","-"
"MDC-Stretch","Feb 6, 2026, 11:05:03 AM","-","0.73","-","-","0.72","-"
"MDC-Stretch","Feb 6, 2026, 7:00:00 PM","0.19","-","-","0.71","-","-"
"MDC-Stretch","Feb 7, 2026, 11:07:10 AM","-","0.67","-","-","0.72","-"
"MDC-Stretch","Feb 7, 2026, 7:00:00 PM","0.19","-","-","0.71","-","-"
"MDC-Stretch","Feb 8, 2026, 11:04:21 AM","-","0.7","-","-","0.72","-"
"MDC-Stretch","Feb 8, 2026, 7:00:00 PM","0.2","-","-","0.71","-","-"
"MDC-Stretch","Feb 9, 2026, 11:06:36 AM","-","0.79","-","-","0.72","-"
"MDC-Stretch","Feb 9, 2026, 7:00:00 PM","0.2","-","-","0.71","-","-"
"MDC-Stretch","Feb 10, 2026, 11:03:43 AM","-","0.84","-","-","0.72","-"
"MDC-Stretch","Feb 10, 2026, 7:00:00 PM","0.2","-","-","0.71","-","-"
"MDC-Stretch","Feb 11, 2026, 11:05:48 AM","-","0.83","-","-","0.72","-"
"MDC-Stretch","Feb 11, 2026, 7:00:00 PM","0.19","-","-","0.71","-","-"
"MDC-Stretch","Feb 12, 2026, 11:07:43 AM","-","0.82","-","-","0.72","-"
"MDC-Stretch","Feb 12, 2026, 7:00:00 PM","0.19","-","-","0.71","-","-"
"MDC-Stretch","Feb 13, 2026, 11:04:48 AM","-","0.86","-","-","0.72","-"
"MDC-Stretch","Feb 13, 2026, 7:00:00 PM","0.19","-","-","0.71","-","-"
"MDC-Stretch","Feb 14, 2026, 11:06:51 AM","-","0.97","-","-","0.72","-"
"MDC-Stretch","Feb 14, 2026, 7:00:00 PM","0.19","-","-","0.71","-","-"
"MDC-Stretch","Feb 15, 2026, 11:03:53 AM","-","1.03","-","-","0.72","-"
"MDC-Stretch","Feb 15, 2026, 7:00:00 PM","0.19","-","-","0.71","-","-"
"MDC-Stretch","Feb 16, 2026, 11:06:01 AM","-","0.97","-","-","0.72","-"
"MDC-Stretch","Feb 16, 2026, 7:00:00 PM","0.19","-","-","0.71","-","-"
"MDC-Stretch","Feb 17, 2026, 11:03:09 AM","-","0.78","-","-","0.72","-"
"MDC-Stretch","Feb 17, 2026, 7:00:00 PM","0.19","-","-","0.71","-","-"
"MDC-Stretch","Feb 18, 2026, 11:05:14 AM","-","0.59","-","-","0.72","-"
"MDC-Stretch","Feb 18, 2026, 7:00:00 PM","0.19","-","-","0.71","-","-"
"MDC-Stretch","Feb 19, 2026, 11:06:56 AM","-","0.53","-","-","0.72","-"
"MDC-Stretch","Feb 19, 2026, 7:00:00 PM","0.2","-","-","0.7","-","-"
"MDC-Stretch","Feb 20, 2026, 11:04:11 AM","-","0.65","-","-","0.72","-"
"MDC-Stretch","Feb 20, 2026, 7:00:00 PM","0.19","-","-","0.71","-","-"
"MDC-Stretch","Feb 21, 2026, 11:06:40 AM","-","0.87","-","-","0.72","-"
"MDC-Stretch","Feb 21, 2026, 7:00:00 PM","0.19","-","-","0.71","-","-"
"MDC-Stretch","Feb 22, 2026, 11:04:28 AM","-","1.03","-","-","0.72","-"
"MDC-Stretch","Feb 22, 2026, 7:00:00 PM","0.19","-","-","0.71","-","-"
"MDC-Stretch","Feb 23, 2026, 11:07:13 AM","-","1.04","-","-","0.72","-"
"MDC-Stretch","Feb 23, 2026, 7:00:00 PM","0.19","-","-","0.71","-","-"
"MDC-Stretch","Feb 24, 2026, 11:04:53 AM","-","0.94","-","-","0.72","-"
"MDC-Stretch","Feb 24, 2026, 7:00:00 PM","0.19","-","-","0.71","-","-"
"MDC-Stretch","Feb 25, 2026, 11:07:41 AM","-","0.81","-","-","0.72","-"
"MDC-Stretch","Feb 25, 2026, 7:00:00 PM","0.19","-","-","0.71","-","-"
"MDC-Stretch","Feb 26, 2026, 11:05:36 AM","-","0.75","-","-","0.72","-"
"MDC-Stretch","Feb 26, 2026, 7:00:00 PM","0.19","-","-","0.71","-","-"
"MDC-Stretch","Feb 27, 2026, 11:03:14 AM","-","0.76","-","-","0.72","-"
"MDC-Stretch","Feb 27, 2026, 7:00:00 PM","0.19","-","-","0.71","-","-"
"MDC-Stretch","Feb 28, 2026, 11:06:26 AM","-","0.79","-","-","0.72","-"
"MDC-Stretch","Feb 28, 2026, 7:00:00 PM","0.19","-","-","0.71","-","-"
"MDC-Stretch","Mar 1, 2026, 11:04:10 AM","-","0.81","-","-","0.72","-"
"MDC-Stretch","Mar 1, 2026, 7:00:00 PM","0.19","-","-","0.71","-","-"
"MDC-Stretch","Mar 2, 2026, 11:07:13 AM","-","0.8","-","-","0.72","-"
"MDC-Stretch","Mar 2, 2026, 7:00:00 PM","0.19","-","-","0.71","-","-"
"MDC-Stretch","Mar 3, 2026, 11:05:14 AM","-","0.81","-","-","0.72","-"
"MDC-Stretch","Mar 3, 2026, 7:00:00 PM","0.19","-","-","0.71","-","-"
"MDC-Stretch","Mar 4, 2026, 11:03:33 AM","-","0.83","-","-","0.72","-"
"MDC-Stretch","Mar 4, 2026, 7:00:00 PM","0.19","-","-","0.71","-","-"
"MDC-Stretch","Mar 5, 2026, 11:06:48 AM","-","0.84","-","-","0.72","-"
"MDC-Stretch","Mar 5, 2026, 7:00:00 PM","0.37","-","-","0.71","-","-"
"MDC-Stretch","Mar 6, 2026, 11:04:41 AM","-","0.82","-","-","0.72","-"
"MDC-Stretch","Mar 6, 2026, 7:00:00 PM","0.94","-","-","0.74","-","-"
"MDC-Stretch","Mar 7, 2026, 11:07:41 AM","-","0.8","-","-","0.72","-"
"MDC-Stretch","Mar 7, 2026, 7:00:00 PM","0.94","-","-","0.74","-","-"
"MDC-Stretch","Mar 8, 2026, 11:05:59 AM","-","0.81","-","-","0.72","-"
"MDC-Stretch","Mar 8, 2026, 7:00:00 PM","0.94","-","-","0.74","-","-"
"MDC-Stretch","Mar 9, 2026, 11:04:20 AM","-","0.87","-","-","0.72","-"
"MDC-Stretch","Mar 9, 2026, 7:00:00 PM","0.94","-","-","0.74","-","-"
"MDC-Stretch","Mar 10, 2026, 11:02:46 AM","-","0.92","-","-","0.72","-"
"MDC-Stretch","Mar 10, 2026, 7:00:00 PM","0.94","-","-","0.74","-","-"
"MDC-Stretch","Mar 11, 2026, 11:06:09 AM","-","0.92","-","-","0.72","-"
"MDC-Stretch","Mar 11, 2026, 7:00:00 PM","0.94","-","-","0.74","-","-"
"MDC-Stretch","Mar 12, 2026, 11:04:09 AM","-","0.85","-","-","0.72","-"
"MDC-Stretch","Mar 12, 2026, 7:00:00 PM","0.94","-","-","0.74","-","-"
"MDC-Stretch","Mar 13, 2026, 11:07:18 AM","-","0.76","-","-","0.72","-"
"MDC-Stretch","Mar 13, 2026, 7:00:00 PM","0.94","-","-","0.74","-","-"
"MDC-Stretch","Mar 14, 2026, 11:05:23 AM","-","0.71","-","-","0.72","-"
"MDC-Stretch","Mar 14, 2026, 7:00:00 PM","0.94","-","-","0.74","-","-"
"MDC-Stretch","Mar 15, 2026, 11:03:33 AM","-","0.74","-","-","0.72","-"
"MDC-Stretch","Mar 15, 2026, 7:00:00 PM","0.94","-","-","0.74","-","-"
"MDC-Stretch","Mar 16, 2026, 11:06:28 AM","-","0.8","-","-","0.72","-"
"MDC-Stretch","Mar 16, 2026, 7:00:00 PM","0.94","-","-","0.74","-","-"
"MDC-Stretch","Mar 17, 2026, 11:04:26 AM","-","0.82","-","-","0.72","-"
"MDC-Stretch","Mar 17, 2026, 7:00:00 PM","0.94","-","-","0.74","-","-"
"MDC-Stretch","Mar 18, 2026, 11:07:32 AM","-","0.81","-","-","0.72","-"
"MDC-Stretch","Mar 18, 2026, 7:00:00 PM","0.94","-","-","0.74","-","-"
"MDC-Stretch","Mar 19, 2026, 11:05:30 AM","-","0.8","-","-","0.72","-"
"MDC-Stretch","Mar 19, 2026, 7:00:00 PM","0.94","-","-","0.74","-","-"
"MDC-Stretch","Mar 20, 2026, 11:03:39 AM","-","0.86","-","-","0.72","-"
"MDC-Stretch","Mar 20, 2026, 7:00:00 PM","0.94","-","-","0.74","-","-"
"MDC-Stretch","Mar 21, 2026, 11:06:53 AM","-","0.97","-","-","0.72","-"
"MDC-Stretch","Mar 21, 2026, 7:00:00 PM","0.94","-","-","0.74","-","-"
"MDC-Stretch","Mar 22, 2026, 11:04:48 AM","-","1.04","-","-","0.72","-"
"MDC-Stretch","Mar 22, 2026, 7:00:00 PM","0.94","-","-","0.74","-","-"
"MDC-Stretch","Mar 23, 2026, 11:03:02 AM","-","0.97","-","-","0.72","-"
"MDC-Stretch","Mar 23, 2026, 7:00:00 PM","0.94","-","-","0.74","-","-"
"MDC-Stretch","Mar 24, 2026, 11:01:11 AM","-","0.78","-","-","0.72","-"
"MDC-Stretch","Mar 24, 2026, 7:00:00 PM","0.7","-","-","0.73","-","-"
"MDC-Stretch","Mar 25, 2026, 11:04:18 AM","-","0.58","-","-","0.72","-"
"MDC-Stretch","Mar 25, 2026, 7:00:00 PM","0.19","-","-","0.71","-","-"
"MDC-Stretch","Mar 26, 2026, 11:07:39 AM","-","0.51","-","-","0.72","-"
"MDC-Stretch","Mar 26, 2026, 7:00:00 PM","0.19","-","-","0.71","-","-"
"MDC-Stretch","Mar 27, 2026, 11:05:47 AM","-","0.64","-","-","0.72","-"
"MDC-Stretch","Mar 27, 2026, 7:00:00 PM","0.26","-","-","0.71","-","-"
"MDC-Stretch","Mar 28, 2026, 11:04:02 AM","-","0.87","-","-","0.72","-"
"MDC-Stretch","Mar 28, 2026, 7:00:00 PM","0.81","-","-","0.71","-","-"
"MDC-Stretch","Mar 29, 2026, 11:07:16 AM","-","1.05","-","-","0.72","-"
"MDC-Stretch","Mar 29, 2026, 7:00:00 PM","0.81","-","-","0.71","-","-"
"MDC-Stretch","Mar 30, 2026, 11:05:28 AM","-","1.06","-","-","0.72","-"
"MDC-Stretch","Mar 30, 2026, 7:00:00 PM","0.81","-","-","0.72","-","-"
"MDC-Stretch","Mar 31, 2026, 11:03:25 AM","-","0.95","-","-","0.72","-"
"MDC-Stretch","Mar 31, 2026, 7:00:00 PM","0.81","-","-","0.72","-","-"
"MDC-Stretch","Apr 1, 2026, 11:06:22 AM","-","0.81","-","-","0.72","-"
"MDC-Stretch","Apr 1, 2026, 7:00:00 PM","0.78","-","-","0.72","-","-"
"MDC-Stretch","Apr 2, 2026, 11:04:37 AM","-","0.75","-","-","0.72","-"
"MDC-Stretch","Apr 2, 2026, 7:00:00 PM","0.78","-","-","0.72","-","-"
"MDC-Stretch","Apr 3, 2026, 11:02:50 AM","-","0.76","-","-","0.72","-"
"MDC-Stretch","Apr 3, 2026, 7:00:00 PM","0.78","-","-","0.72","-","-"
"MDC-Stretch","Apr 4, 2026, 11:06:10 AM","-","0.79","-","-","0.72","-"
"MDC-Stretch","Apr 4, 2026, 7:00:00 PM","0.78","-","-","0.72","-","-"
"MDC-Stretch","Apr 5, 2026, 11:04:23 AM","-","0.79","-","-","0.72","-"
"MDC-Stretch","Apr 5, 2026, 7:00:00 PM","0.77","-","-","0.72","-","-"
"MDC-Stretch","Apr 6, 2026, 11:02:44 AM","-","0.77","-","-","0.72","-"
"MDC-Stretch","Apr 6, 2026, 7:00:00 PM","0.76","-","-","0.72","-","-"
"MDC-Stretch","Apr 7, 2026, 11:05:54 AM","-","0.78","-","-","0.72","-"
"MDC-Stretch","Apr 7, 2026, 7:00:00 PM","0.78","-","-","0.72","-","-"
"MDC-Stretch","Apr 8, 2026, 11:04:25 AM","-","0.82","-","-","0.72","-"
"MDC-Stretch","Apr 8, 2026, 7:00:00 PM","0.77","-","-","0.72","-","-"
"MDC-Stretch","Apr 9, 2026, 11:02:53 AM","-","0.87","-","-","0.72","-"
"MDC-Stretch","Apr 9, 2026, 7:00:00 PM","0.78","-","-","0.72","-","-"
"MDC-Stretch","Apr 10, 2026, 11:06:18 AM","-","0.89","-","-","0.72","-"
"MDC-Stretch","Apr 10, 2026, 7:00:00 PM","0.78","-","-","0.72","-","-"
"MDC-Stretch","Apr 11, 2026, 11:04:11 AM","-","0.86","-","-","0.72","-"
"MDC-Stretch","Apr 11, 2026, 7:00:00 PM","0.78","-","-","0.72","-","-"
"MDC-Stretch","Apr 12, 2026, 11:07:22 AM","-","0.83","-","-","0.72","-"
"MDC-Stretch","Apr 12, 2026, 7:00:00 PM","0.78","-","-","0.72","-","-"
"MDC-Stretch","Apr 13, 2026, 11:05:31 AM","-","0.83","-","-","0.72","-"
"MDC-Stretch","Apr 13, 2026, 7:00:00 PM","0.78","-","-","0.72","-","-"
"MDC-Stretch","Apr 14, 2026, 11:03:55 AM","-","0.85","-","-","0.72","-"
"MDC-Stretch","Apr 14, 2026, 7:00:00 PM","0.78","-","-","0.72","-","-"
"MDC-Stretch","Apr 15, 2026, 11:07:17 AM","-","0.86","-","-","0.72","-"
"MDC-Stretch","Apr 15, 2026, 7:00:00 PM","0.78","-","-","0.72","-","-"
"MDC-Stretch","Apr 16, 2026, 11:05:34 AM","-","0.84","-","-","0.72","-"
"MDC-Stretch","Apr 16, 2026, 7:00:00 PM","0.78","-","-","0.72","-","-"
"MDC-Stretch","Apr 17, 2026, 11:03:41 AM","-","0.79","-","-","0.72","-"
"MDC-Stretch","Apr 17, 2026, 7:00:00 PM","0.78","-","-","0.72","-","-"
"MDC-Stretch","Apr 18, 2026, 11:06:55 AM","-","0.76","-","-","0.72","-"
"MDC-Stretch","Apr 18, 2026, 7:00:00 PM","0.77","-","-","0.72","-","-"
"MDC-Stretch","Apr 19, 2026, 11:04:59 AM","-","0.78","-","-","0.72","-"
"MDC-Stretch","Apr 19, 2026, 7:00:00 PM","0.78","-","-","0.72","-","-"
"MDC-Stretch","Apr 20, 2026, 11:03:29 AM","-","0.81","-","-","0.72","-"
"MDC-Stretch","Apr 20, 2026, 7:00:00 PM","0.78","-","-","0.72","-","-"
"MDC-Stretch","Apr 21, 2026, 11:06:43 AM","-","0.82","-","-","0.72","-"
"MDC-Stretch","Apr 21, 2026, 7:00:00 PM","0.78","-","-","0.72","-","-"
"MDC-Stretch","Apr 22, 2026, 11:04:59 AM","-","0.8","-","-","0.72","-"
"MDC-Stretch","Apr 22, 2026, 7:00:00 PM","0.78","-","-","0.72","-","-"
"MDC-Stretch","Apr 23, 2026, 11:03:18 AM","-","0.79","-","-","0.72","-"
"MDC-Stretch","Apr 23, 2026, 7:00:00 PM","0.78","-","-","0.72","-","-"
"MDC-Stretch","Apr 24, 2026, 11:06:26 AM","-","0.86","-","-","0.72","-"
"MDC-Stretch","Apr 24, 2026, 7:00:00 PM","0.81","-","-","0.72","-","-"
"MDC-Stretch","Apr 25, 2026, 11:04:46 AM","-","0.97","-","-","0.72","-"
"MDC-Stretch","Apr 25, 2026, 7:00:00 PM","0.81","-","-","0.72","-","-"
"MDC-Stretch","Apr 26, 2026, 11:03:00 AM","-","1.04","-","-","0.72","-"
"MDC-Stretch","Apr 26, 2026, 7:00:00 PM","0.81","-","-","0.72","-","-"
"MDC-Stretch","Apr 27, 2026, 11:06:06 AM","-","0.97","-","-","0.72","-"
"MDC-Stretch","Apr 27, 2026, 7:00:00 PM","0.82","-","-","0.72","-","-"
"MDC-Stretch","Apr 28, 2026, 11:04:12 AM","-","0.78","-","-","0.72","-"
"MDC-Stretch","Apr 28, 2026, 7:00:00 PM","0.81","-","-","0.72","-","-"
"MDC-Stretch","Apr 29, 2026, 11:07:23 AM","-","0.58","-","-","0.72","-"
"MDC-Stretch","Apr 29, 2026, 7:00:00 PM","0.8","-","-","0.72","-","-"
"MDC-Stretch","Apr 30, 2026, 10:05:14 AM","-","0.51","0.51","-","0.72","0.72"
"MDC-Stretch","Apr 30, 2026, 7:00:00 PM","0.2","-","-","0.71","-","-"
"MDC-Stretch","May 1, 2026, 10:05:14 AM","-","-","0.64","-","-","0.72"
"MDC-Stretch","May 2, 2026, 10:05:14 AM","-","-","0.87","-","-","0.72"
"MDC-Stretch","May 3, 2026, 10:05:14 AM","-","-","1.05","-","-","0.72"
"MDC-Stretch","May 4, 2026, 10:05:14 AM","-","-","1.07","-","-","0.72"
"MDC-Stretch","May 5, 2026, 10:05:14 AM","-","-","0.96","-","-","0.72"
"MDC-Wireroom","Oct 30, 2025, 7:00:00 PM","0","-","-","0","-","-"
"MDC-Wireroom","Oct 31, 2025, 7:00:00 PM","0","-","-","0","-","-"
"MDC-Wireroom","Nov 1, 2025, 7:00:00 PM","0","-","-","0","-","-"
"MDC-Wireroom","Nov 2, 2025, 7:00:00 PM","0","-","-","0","-","-"
"MDC-Wireroom","Nov 3, 2025, 7:00:00 PM","0","-","-","0","-","-"
"MDC-Wireroom","Nov 4, 2025, 7:00:00 PM","0","-","-","0","-","-"
"MDC-Wireroom","Nov 5, 2025, 7:00:00 PM","0","-","-","0","-","-"
"MDC-Wireroom","Nov 6, 2025, 7:00:00 PM","0","-","-","0","-","-"
"MDC-Wireroom","Nov 7, 2025, 7:00:00 PM","0","-","-","0","-","-"
"MDC-Wireroom","Nov 8, 2025, 7:00:00 PM","0","-","-","0","-","-"
"MDC-Wireroom","Nov 9, 2025, 7:00:00 PM","0","-","-","0","-","-"
"MDC-Wireroom","Nov 10, 2025, 7:00:00 PM","0","-","-","0","-","-"
"MDC-Wireroom","Nov 11, 2025, 7:00:00 PM","0","-","-","0","-","-"
"MDC-Wireroom","Nov 12, 2025, 7:00:00 PM","0","-","-","0","-","-"
"MDC-Wireroom","Nov 13, 2025, 7:00:00 PM","0","-","-","0","-","-"
"MDC-Wireroom","Nov 14, 2025, 7:00:00 PM","0","-","-","0","-","-"
"MDC-Wireroom","Nov 15, 2025, 7:00:00 PM","0","-","-","0","-","-"
"MDC-Wireroom","Nov 16, 2025, 7:00:00 PM","0","-","-","0","-","-"
"MDC-Wireroom","Nov 17, 2025, 7:00:00 PM","0","-","-","0","-","-"
"MDC-Wireroom","Nov 18, 2025, 7:00:00 PM","0","-","-","0","-","-"
"MDC-Wireroom","Nov 19, 2025, 7:00:00 PM","0","-","-","0","-","-"
"MDC-Wireroom","Nov 20, 2025, 7:00:00 PM","0","-","-","0","-","-"
"MDC-Wireroom","Nov 21, 2025, 7:00:00 PM","0","-","-","0","-","-"
"MDC-Wireroom","Nov 22, 2025, 7:00:00 PM","0","-","-","0","-","-"
"MDC-Wireroom","Nov 23, 2025, 7:00:00 PM","0","-","-","0","-","-"
"MDC-Wireroom","Nov 24, 2025, 7:00:00 PM","0","-","-","0","-","-"
"MDC-Wireroom","Nov 25, 2025, 7:00:00 PM","0","-","-","0","-","-"
"MDC-Wireroom","Nov 26, 2025, 7:00:00 PM","0","-","-","0","-","-"
"MDC-Wireroom","Nov 27, 2025, 7:00:00 PM","0","-","-","0","-","-"
"MDC-Wireroom","Nov 28, 2025, 7:00:00 PM","0","-","-","0","-","-"
"MDC-Wireroom","Nov 29, 2025, 7:00:00 PM","0","-","-","0","-","-"
"MDC-Wireroom","Nov 30, 2025, 7:00:00 PM","0","-","-","0","-","-"
"MDC-Wireroom","Dec 1, 2025, 7:00:00 PM","0","-","-","0","-","-"
"MDC-Wireroom","Dec 2, 2025, 7:00:00 PM","0","-","-","0","-","-"
"MDC-Wireroom","Dec 3, 2025, 7:00:00 PM","0","-","-","0","-","-"
"MDC-Wireroom","Dec 4, 2025, 7:00:00 PM","0","-","-","0","-","-"
"MDC-Wireroom","Dec 5, 2025, 7:00:00 PM","0","-","-","0","-","-"
"MDC-Wireroom","Dec 6, 2025, 7:00:00 PM","0","-","-","0","-","-"
"MDC-Wireroom","Dec 7, 2025, 7:00:00 PM","0","-","-","0","-","-"
"MDC-Wireroom","Dec 8, 2025, 7:00:00 PM","0","-","-","0","-","-"
"MDC-Wireroom","Dec 9, 2025, 7:00:00 PM","0","-","-","0","-","-"
"MDC-Wireroom","Dec 10, 2025, 7:00:00 PM","0","-","-","0","-","-"
"MDC-Wireroom","Dec 11, 2025, 7:00:00 PM","0","-","-","0","-","-"
"MDC-Wireroom","Dec 12, 2025, 7:00:00 PM","0","-","-","0","-","-"
"MDC-Wireroom","Dec 13, 2025, 7:00:00 PM","0","-","-","0","-","-"
"MDC-Wireroom","Dec 14, 2025, 7:00:00 PM","0","-","-","0","-","-"
"MDC-Wireroom","Dec 15, 2025, 7:00:00 PM","0","-","-","0","-","-"
"MDC-Wireroom","Dec 16, 2025, 7:00:00 PM","0","-","-","0","-","-"
"MDC-Wireroom","Dec 17, 2025, 7:00:00 PM","0","-","-","0","-","-"
"MDC-Wireroom","Dec 18, 2025, 7:00:00 PM","0","-","-","0","-","-"
"MDC-Wireroom","Dec 19, 2025, 7:00:00 PM","0","-","-","0","-","-"
"MDC-Wireroom","Dec 20, 2025, 7:00:00 PM","0","-","-","0","-","-"
"MDC-Wireroom","Dec 21, 2025, 7:00:00 PM","0","-","-","0","-","-"
"MDC-Wireroom","Dec 22, 2025, 7:00:00 PM","0","-","-","0","-","-"
"MDC-Wireroom","Dec 23, 2025, 7:00:00 PM","0","-","-","0","-","-"
"MDC-Wireroom","Dec 24, 2025, 7:00:00 PM","0","-","-","0","-","-"
"MDC-Wireroom","Dec 25, 2025, 7:00:00 PM","0","-","-","0","-","-"
"MDC-Wireroom","Dec 26, 2025, 7:00:00 PM","0","-","-","0","-","-"
"MDC-Wireroom","Dec 27, 2025, 7:00:00 PM","0","-","-","0","-","-"
"MDC-Wireroom","Dec 28, 2025, 7:00:00 PM","0","-","-","0","-","-"
"MDC-Wireroom","Dec 29, 2025, 7:00:00 PM","0","-","-","0","-","-"
"MDC-Wireroom","Dec 30, 2025, 7:00:00 PM","0","-","-","0","-","-"
"MDC-Wireroom","Dec 31, 2025, 7:00:00 PM","0","-","-","0","-","-"
"MDC-Wireroom","Jan 1, 2026, 7:00:00 PM","0","-","-","0","-","-"
"MDC-Wireroom","Jan 2, 2026, 7:00:00 PM","0","-","-","0","-","-"
"MDC-Wireroom","Jan 3, 2026, 7:00:00 PM","0","-","-","0","-","-"
"MDC-Wireroom","Jan 4, 2026, 7:00:00 PM","0","-","-","0","-","-"
"MDC-Wireroom","Jan 5, 2026, 7:00:00 PM","0","-","-","0","-","-"
"MDC-Wireroom","Jan 6, 2026, 7:00:00 PM","0","-","-","0","-","-"
"MDC-Wireroom","Jan 7, 2026, 7:00:00 PM","0","-","-","0","-","-"
"MDC-Wireroom","Jan 8, 2026, 7:00:00 PM","0","-","-","0","-","-"
"MDC-Wireroom","Jan 9, 2026, 7:00:00 PM","0","-","-","0","-","-"
"MDC-Wireroom","Jan 10, 2026, 7:00:00 PM","0","-","-","0","-","-"
"MDC-Wireroom","Jan 11, 2026, 7:00:00 PM","0","-","-","0","-","-"
"MDC-Wireroom","Jan 12, 2026, 7:00:00 PM","0","-","-","0","-","-"
"MDC-Wireroom","Jan 13, 2026, 7:00:00 PM","0","-","-","0","-","-"
"MDC-Wireroom","Jan 14, 2026, 7:00:00 PM","0","-","-","0","-","-"
"MDC-Wireroom","Jan 15, 2026, 7:00:00 PM","0","-","-","0","-","-"
"MDC-Wireroom","Jan 16, 2026, 7:00:00 PM","0","-","-","0","-","-"
"MDC-Wireroom","Jan 17, 2026, 7:00:00 PM","0","-","-","0","-","-"
"MDC-Wireroom","Jan 18, 2026, 7:00:00 PM","0","-","-","0","-","-"
"MDC-Wireroom","Jan 19, 2026, 7:00:00 PM","0","-","-","0","-","-"
"MDC-Wireroom","Jan 20, 2026, 7:00:00 PM","0","-","-","0","-","-"
"MDC-Wireroom","Jan 21, 2026, 7:00:00 PM","0","-","-","0","-","-"
"MDC-Wireroom","Jan 22, 2026, 7:00:00 PM","0","-","-","0","-","-"
"MDC-Wireroom","Jan 23, 2026, 7:00:00 PM","0","-","-","0","-","-"
"MDC-Wireroom","Jan 24, 2026, 7:00:00 PM","0","-","-","0","-","-"
"MDC-Wireroom","Jan 25, 2026, 7:00:00 PM","0","-","-","0","-","-"
"MDC-Wireroom","Jan 26, 2026, 7:00:00 PM","0","-","-","0","-","-"
"MDC-Wireroom","Jan 27, 2026, 7:00:00 PM","0","-","-","0","-","-"
"MDC-Wireroom","Jan 28, 2026, 7:00:00 PM","0","-","-","0","-","-"
"MDC-Wireroom","Jan 29, 2026, 7:00:00 PM","0","-","-","0","-","-"
"MDC-Wireroom","Jan 30, 2026, 11:05:14 AM","-","0","-","-","0","-"
"MDC-Wireroom","Jan 30, 2026, 7:00:00 PM","0","-","-","0","-","-"
"MDC-Wireroom","Jan 31, 2026, 11:07:07 AM","-","0","-","-","0","-"
"MDC-Wireroom","Jan 31, 2026, 7:00:00 PM","0","-","-","0","-","-"
"MDC-Wireroom","Feb 1, 2026, 11:04:34 AM","-","0","-","-","0","-"
"MDC-Wireroom","Feb 1, 2026, 7:00:00 PM","0","-","-","0","-","-"
"MDC-Wireroom","Feb 2, 2026, 11:06:48 AM","-","0","-","-","0","-"
"MDC-Wireroom","Feb 2, 2026, 7:00:00 PM","0","-","-","0","-","-"
"MDC-Wireroom","Feb 3, 2026, 11:03:59 AM","-","0","-","-","0","-"
"MDC-Wireroom","Feb 3, 2026, 7:00:00 PM","0","-","-","0","-","-"
"MDC-Wireroom","Feb 4, 2026, 11:05:57 AM","-","0","-","-","0","-"
"MDC-Wireroom","Feb 4, 2026, 7:00:00 PM","0","-","-","0","-","-"
"MDC-Wireroom","Feb 5, 2026, 11:03:00 AM","-","0","-","-","0","-"
"MDC-Wireroom","Feb 5, 2026, 7:00:00 PM","0","-","-","0","-","-"
"MDC-Wireroom","Feb 6, 2026, 11:05:03 AM","-","0","-","-","0","-"
"MDC-Wireroom","Feb 6, 2026, 7:00:00 PM","0","-","-","0","-","-"
"MDC-Wireroom","Feb 7, 2026, 11:07:10 AM","-","0","-","-","0","-"
"MDC-Wireroom","Feb 7, 2026, 7:00:00 PM","0","-","-","0","-","-"
"MDC-Wireroom","Feb 8, 2026, 11:04:21 AM","-","0","-","-","0","-"
"MDC-Wireroom","Feb 8, 2026, 7:00:00 PM","0","-","-","0","-","-"
"MDC-Wireroom","Feb 9, 2026, 11:06:36 AM","-","0","-","-","0","-"
"MDC-Wireroom","Feb 9, 2026, 7:00:00 PM","0","-","-","0","-","-"
"MDC-Wireroom","Feb 10, 2026, 11:03:43 AM","-","0","-","-","0","-"
"MDC-Wireroom","Feb 10, 2026, 7:00:00 PM","0","-","-","0","-","-"
"MDC-Wireroom","Feb 11, 2026, 11:05:48 AM","-","0","-","-","0","-"
"MDC-Wireroom","Feb 11, 2026, 7:00:00 PM","0","-","-","0","-","-"
"MDC-Wireroom","Feb 12, 2026, 11:07:43 AM","-","0","-","-","0","-"
"MDC-Wireroom","Feb 12, 2026, 7:00:00 PM","0","-","-","0","-","-"
"MDC-Wireroom","Feb 13, 2026, 11:04:48 AM","-","0","-","-","0","-"
"MDC-Wireroom","Feb 13, 2026, 7:00:00 PM","0","-","-","0","-","-"
"MDC-Wireroom","Feb 14, 2026, 11:06:51 AM","-","0","-","-","0","-"
"MDC-Wireroom","Feb 14, 2026, 7:00:00 PM","0","-","-","0","-","-"
"MDC-Wireroom","Feb 15, 2026, 11:03:53 AM","-","0","-","-","0","-"
"MDC-Wireroom","Feb 15, 2026, 7:00:00 PM","0","-","-","0","-","-"
"MDC-Wireroom","Feb 16, 2026, 11:06:01 AM","-","0","-","-","0","-"
"MDC-Wireroom","Feb 16, 2026, 7:00:00 PM","0","-","-","0","-","-"
"MDC-Wireroom","Feb 17, 2026, 11:03:09 AM","-","0","-","-","0","-"
"MDC-Wireroom","Feb 17, 2026, 7:00:00 PM","0","-","-","0","-","-"
"MDC-Wireroom","Feb 18, 2026, 11:05:14 AM","-","0","-","-","0","-"
"MDC-Wireroom","Feb 18, 2026, 7:00:00 PM","0","-","-","0","-","-"
"MDC-Wireroom","Feb 19, 2026, 11:06:56 AM","-","0","-","-","0","-"
"MDC-Wireroom","Feb 19, 2026, 7:00:00 PM","0","-","-","0","-","-"
"MDC-Wireroom","Feb 20, 2026, 11:04:11 AM","-","0","-","-","0","-"
"MDC-Wireroom","Feb 20, 2026, 7:00:00 PM","0","-","-","0","-","-"
"MDC-Wireroom","Feb 21, 2026, 11:06:40 AM","-","0","-","-","0","-"
"MDC-Wireroom","Feb 21, 2026, 7:00:00 PM","0","-","-","0","-","-"
"MDC-Wireroom","Feb 22, 2026, 11:04:28 AM","-","0","-","-","0","-"
"MDC-Wireroom","Feb 22, 2026, 7:00:00 PM","0","-","-","0","-","-"
"MDC-Wireroom","Feb 23, 2026, 11:07:13 AM","-","0","-","-","0","-"
"MDC-Wireroom","Feb 23, 2026, 7:00:00 PM","0","-","-","0","-","-"
"MDC-Wireroom","Feb 24, 2026, 11:04:53 AM","-","0","-","-","0","-"
"MDC-Wireroom","Feb 24, 2026, 7:00:00 PM","0","-","-","0","-","-"
"MDC-Wireroom","Feb 25, 2026, 11:07:41 AM","-","0","-","-","0","-"
"MDC-Wireroom","Feb 25, 2026, 7:00:00 PM","0","-","-","0","-","-"
"MDC-Wireroom","Feb 26, 2026, 11:05:36 AM","-","0","-","-","0","-"
"MDC-Wireroom","Feb 26, 2026, 7:00:00 PM","0","-","-","0","-","-"
"MDC-Wireroom","Feb 27, 2026, 11:03:14 AM","-","0","-","-","0","-"
"MDC-Wireroom","Feb 27, 2026, 7:00:00 PM","0","-","-","0","-","-"
"MDC-Wireroom","Feb 28, 2026, 11:06:26 AM","-","0","-","-","0","-"
"MDC-Wireroom","Feb 28, 2026, 7:00:00 PM","0","-","-","0","-","-"
"MDC-Wireroom","Mar 1, 2026, 11:04:10 AM","-","0","-","-","0","-"
"MDC-Wireroom","Mar 1, 2026, 7:00:00 PM","0","-","-","0","-","-"
"MDC-Wireroom","Mar 2, 2026, 11:07:13 AM","-","0","-","-","0","-"
"MDC-Wireroom","Mar 2, 2026, 7:00:00 PM","0","-","-","0","-","-"
"MDC-Wireroom","Mar 3, 2026, 11:05:14 AM","-","0","-","-","0","-"
"MDC-Wireroom","Mar 3, 2026, 7:00:00 PM","0","-","-","0","-","-"
"MDC-Wireroom","Mar 4, 2026, 11:03:33 AM","-","0","-","-","0","-"
"MDC-Wireroom","Mar 4, 2026, 7:00:00 PM","0","-","-","0","-","-"
"MDC-Wireroom","Mar 5, 2026, 11:06:48 AM","-","0","-","-","0","-"
"MDC-Wireroom","Mar 5, 2026, 7:00:00 PM","0","-","-","0","-","-"
"MDC-Wireroom","Mar 6, 2026, 11:04:41 AM","-","0","-","-","0","-"
"MDC-Wireroom","Mar 6, 2026, 7:00:00 PM","0","-","-","0","-","-"
"MDC-Wireroom","Mar 7, 2026, 11:07:41 AM","-","0","-","-","0","-"
"MDC-Wireroom","Mar 7, 2026, 7:00:00 PM","0","-","-","0","-","-"
"MDC-Wireroom","Mar 8, 2026, 11:05:59 AM","-","0","-","-","0","-"
"MDC-Wireroom","Mar 8, 2026, 7:00:00 PM","0","-","-","0","-","-"
"MDC-Wireroom","Mar 9, 2026, 11:04:20 AM","-","0","-","-","0","-"
"MDC-Wireroom","Mar 9, 2026, 7:00:00 PM","0","-","-","0","-","-"
"MDC-Wireroom","Mar 10, 2026, 11:02:46 AM","-","0","-","-","0","-"
"MDC-Wireroom","Mar 10, 2026, 7:00:00 PM","0","-","-","0","-","-"
"MDC-Wireroom","Mar 11, 2026, 11:06:09 AM","-","0","-","-","0","-"
"MDC-Wireroom","Mar 11, 2026, 7:00:00 PM","0","-","-","0","-","-"
"MDC-Wireroom","Mar 12, 2026, 11:04:09 AM","-","0","-","-","0","-"
"MDC-Wireroom","Mar 12, 2026, 7:00:00 PM","0","-","-","0","-","-"
"MDC-Wireroom","Mar 13, 2026, 11:07:18 AM","-","0","-","-","0","-"
"MDC-Wireroom","Mar 13, 2026, 7:00:00 PM","0","-","-","0","-","-"
"MDC-Wireroom","Mar 14, 2026, 11:05:23 AM","-","0","-","-","0","-"
"MDC-Wireroom","Mar 14, 2026, 7:00:00 PM","0","-","-","0","-","-"
"MDC-Wireroom","Mar 15, 2026, 11:03:33 AM","-","0","-","-","0","-"
"MDC-Wireroom","Mar 15, 2026, 7:00:00 PM","0","-","-","0","-","-"
"MDC-Wireroom","Mar 16, 2026, 11:06:28 AM","-","0","-","-","0","-"
"MDC-Wireroom","Mar 16, 2026, 7:00:00 PM","0","-","-","0","-","-"
"MDC-Wireroom","Mar 17, 2026, 11:04:26 AM","-","0","-","-","0","-"
"MDC-Wireroom","Mar 17, 2026, 7:00:00 PM","0","-","-","0","-","-"
"MDC-Wireroom","Mar 18, 2026, 11:07:32 AM","-","0","-","-","0","-"
"MDC-Wireroom","Mar 18, 2026, 7:00:00 PM","0","-","-","0","-","-"
"MDC-Wireroom","Mar 19, 2026, 11:05:30 AM","-","0","-","-","0","-"
"MDC-Wireroom","Mar 19, 2026, 7:00:00 PM","0","-","-","0","-","-"
"MDC-Wireroom","Mar 20, 2026, 11:03:39 AM","-","0","-","-","0","-"
"MDC-Wireroom","Mar 20, 2026, 7:00:00 PM","0","-","-","0","-","-"
"MDC-Wireroom","Mar 21, 2026, 11:06:53 AM","-","0","-","-","0","-"
"MDC-Wireroom","Mar 21, 2026, 7:00:00 PM","0","-","-","0","-","-"
"MDC-Wireroom","Mar 22, 2026, 11:04:48 AM","-","0","-","-","0","-"
"MDC-Wireroom","Mar 22, 2026, 7:00:00 PM","0","-","-","0","-","-"
"MDC-Wireroom","Mar 23, 2026, 11:03:02 AM","-","0","-","-","0","-"
"MDC-Wireroom","Mar 23, 2026, 7:00:00 PM","0","-","-","0","-","-"
"MDC-Wireroom","Mar 24, 2026, 11:06:12 AM","-","0","-","-","0","-"
"MDC-Wireroom","Mar 24, 2026, 7:00:00 PM","0","-","-","0","-","-"
"MDC-Wireroom","Mar 25, 2026, 11:04:18 AM","-","0","-","-","0","-"
"MDC-Wireroom","Mar 25, 2026, 7:00:00 PM","0","-","-","0","-","-"
"MDC-Wireroom","Mar 26, 2026, 11:07:39 AM","-","0","-","-","0","-"
"MDC-Wireroom","Mar 26, 2026, 7:00:00 PM","0","-","-","0","-","-"
"MDC-Wireroom","Mar 27, 2026, 11:05:47 AM","-","0","-","-","0","-"
"MDC-Wireroom","Mar 27, 2026, 7:00:00 PM","0","-","-","0","-","-"
"MDC-Wireroom","Mar 28, 2026, 11:04:02 AM","-","0","-","-","0","-"
"MDC-Wireroom","Mar 28, 2026, 7:00:00 PM","0","-","-","0","-","-"
"MDC-Wireroom","Mar 29, 2026, 11:07:16 AM","-","0","-","-","0","-"
"MDC-Wireroom","Mar 29, 2026, 7:00:00 PM","0","-","-","0","-","-"
"MDC-Wireroom","Mar 30, 2026, 11:05:28 AM","-","0","-","-","0","-"
"MDC-Wireroom","Mar 30, 2026, 7:00:00 PM","0","-","-","0","-","-"
"MDC-Wireroom","Mar 31, 2026, 11:03:25 AM","-","0","-","-","0","-"
"MDC-Wireroom","Mar 31, 2026, 7:00:00 PM","0","-","-","0","-","-"
"MDC-Wireroom","Apr 1, 2026, 11:06:22 AM","-","0","-","-","0","-"
"MDC-Wireroom","Apr 1, 2026, 7:00:00 PM","0","-","-","0","-","-"
"MDC-Wireroom","Apr 2, 2026, 11:04:37 AM","-","0","-","-","0","-"
"MDC-Wireroom","Apr 2, 2026, 7:00:00 PM","0","-","-","0","-","-"
"MDC-Wireroom","Apr 3, 2026, 11:02:50 AM","-","0","-","-","0","-"
"MDC-Wireroom","Apr 3, 2026, 7:00:00 PM","0","-","-","0","-","-"
"MDC-Wireroom","Apr 4, 2026, 11:06:10 AM","-","0","-","-","0","-"
"MDC-Wireroom","Apr 4, 2026, 7:00:00 PM","0","-","-","0","-","-"
"MDC-Wireroom","Apr 5, 2026, 11:04:23 AM","-","0","-","-","0","-"
"MDC-Wireroom","Apr 5, 2026, 7:00:00 PM","0","-","-","0","-","-"
"MDC-Wireroom","Apr 6, 2026, 11:02:44 AM","-","0","-","-","0","-"
"MDC-Wireroom","Apr 6, 2026, 7:00:00 PM","0","-","-","0","-","-"
"MDC-Wireroom","Apr 7, 2026, 11:05:54 AM","-","0","-","-","0","-"
"MDC-Wireroom","Apr 7, 2026, 7:00:00 PM","0","-","-","0","-","-"
"MDC-Wireroom","Apr 8, 2026, 11:04:25 AM","-","0","-","-","0","-"
"MDC-Wireroom","Apr 8, 2026, 7:00:00 PM","0","-","-","0","-","-"
"MDC-Wireroom","Apr 9, 2026, 11:02:53 AM","-","0","-","-","0","-"
"MDC-Wireroom","Apr 9, 2026, 7:00:00 PM","0","-","-","0","-","-"
"MDC-Wireroom","Apr 10, 2026, 11:06:18 AM","-","0","-","-","0","-"
"MDC-Wireroom","Apr 10, 2026, 7:00:00 PM","0","-","-","0","-","-"
"MDC-Wireroom","Apr 11, 2026, 11:04:11 AM","-","0","-","-","0","-"
"MDC-Wireroom","Apr 11, 2026, 7:00:00 PM","0","-","-","0","-","-"
"MDC-Wireroom","Apr 12, 2026, 11:07:22 AM","-","0","-","-","0","-"
"MDC-Wireroom","Apr 12, 2026, 7:00:00 PM","0","-","-","0","-","-"
"MDC-Wireroom","Apr 13, 2026, 11:05:31 AM","-","0","-","-","0","-"
"MDC-Wireroom","Apr 13, 2026, 7:00:00 PM","0","-","-","0","-","-"
"MDC-Wireroom","Apr 14, 2026, 11:03:55 AM","-","0","-","-","0","-"
"MDC-Wireroom","Apr 14, 2026, 7:00:00 PM","0","-","-","0","-","-"
"MDC-Wireroom","Apr 15, 2026, 11:07:17 AM","-","0","-","-","0","-"
"MDC-Wireroom","Apr 15, 2026, 7:00:00 PM","0","-","-","0","-","-"
"MDC-Wireroom","Apr 16, 2026, 11:05:34 AM","-","0","-","-","0","-"
"MDC-Wireroom","Apr 16, 2026, 7:00:00 PM","0","-","-","0","-","-"
"MDC-Wireroom","Apr 17, 2026, 11:03:41 AM","-","0","-","-","0","-"
"MDC-Wireroom","Apr 17, 2026, 7:00:00 PM","0","-","-","0","-","-"
"MDC-Wireroom","Apr 18, 2026, 11:06:55 AM","-","0","-","-","0","-"
"MDC-Wireroom","Apr 18, 2026, 7:00:00 PM","0","-","-","0","-","-"
"MDC-Wireroom","Apr 19, 2026, 11:04:59 AM","-","0","-","-","0","-"
"MDC-Wireroom","Apr 19, 2026, 7:00:00 PM","0","-","-","0","-","-"
"MDC-Wireroom","Apr 20, 2026, 11:03:29 AM","-","0","-","-","0","-"
"MDC-Wireroom","Apr 20, 2026, 7:00:00 PM","0","-","-","0","-","-"
"MDC-Wireroom","Apr 21, 2026, 11:06:43 AM","-","0","-","-","0","-"
"MDC-Wireroom","Apr 21, 2026, 7:00:00 PM","0","-","-","0","-","-"
"MDC-Wireroom","Apr 22, 2026, 11:04:59 AM","-","0","-","-","0","-"
"MDC-Wireroom","Apr 22, 2026, 7:00:00 PM","0","-","-","0","-","-"
"MDC-Wireroom","Apr 23, 2026, 11:03:18 AM","-","0","-","-","0","-"
"MDC-Wireroom","Apr 23, 2026, 7:00:00 PM","0","-","-","0","-","-"
"MDC-Wireroom","Apr 24, 2026, 11:06:26 AM","-","0","-","-","0","-"
"MDC-Wireroom","Apr 24, 2026, 7:00:00 PM","0","-","-","0","-","-"
"MDC-Wireroom","Apr 25, 2026, 11:04:46 AM","-","0","-","-","0","-"
"MDC-Wireroom","Apr 25, 2026, 7:00:00 PM","0","-","-","0","-","-"
"MDC-Wireroom","Apr 26, 2026, 11:03:00 AM","-","0","-","-","0","-"
"MDC-Wireroom","Apr 26, 2026, 7:00:00 PM","0","-","-","0","-","-"
"MDC-Wireroom","Apr 27, 2026, 11:06:06 AM","-","0","-","-","0","-"
"MDC-Wireroom","Apr 27, 2026, 7:00:00 PM","0","-","-","0","-","-"
"MDC-Wireroom","Apr 28, 2026, 11:04:12 AM","-","0","-","-","0","-"
"MDC-Wireroom","Apr 28, 2026, 7:00:00 PM","0","-","-","0","-","-"
"MDC-Wireroom","Apr 29, 2026, 11:07:23 AM","-","0","-","-","0","-"
"MDC-Wireroom","Apr 29, 2026, 7:00:00 PM","0","-","-","0","-","-"
"MDC-Wireroom","Apr 30, 2026, 10:05:14 AM","-","0","0","-","0","0"
"MDC-Wireroom","Apr 30, 2026, 7:00:00 PM","0","-","-","0","-","-"
"MDC-Wireroom","May 1, 2026, 10:05:14 AM","-","-","0","-","-","0"
"MDC-Wireroom","May 2, 2026, 10:05:14 AM","-","-","0","-","-","0"
"MDC-Wireroom","May 3, 2026, 10:05:14 AM","-","-","0","-","-","0"
"MDC-Wireroom","May 4, 2026, 10:05:14 AM","-","-","0","-","-","0"
"MDC-Wireroom","May 5, 2026, 10:05:14 AM","-","-","0","-","-","0"
"MDC-Platinum","Oct 30, 2025, 7:00:00 PM","4.97","-","-","3.05","-","-"
"MDC-Platinum","Oct 31, 2025, 7:00:00 PM","4.81","-","-","3.07","-","-"
"MDC-Platinum","Nov 1, 2025, 7:00:00 PM","5.56","-","-","3.1","-","-"
"MDC-Platinum","Nov 2, 2025, 7:00:00 PM","3.99","-","-","3.09","-","-"
"MDC-Platinum","Nov 3, 2025, 7:00:00 PM","4.52","-","-","3.1","-","-"
"MDC-Platinum","Nov 4, 2025, 7:00:00 PM","4.94","-","-","3.12","-","-"
"MDC-Platinum","Nov 5, 2025, 7:00:00 PM","5.09","-","-","3.13","-","-"
"MDC-Platinum","Nov 6, 2025, 7:00:00 PM","6.04","-","-","3.15","-","-"
"MDC-Platinum","Nov 7, 2025, 7:00:00 PM","4.98","-","-","3.17","-","-"
"MDC-Platinum","Nov 8, 2025, 7:00:00 PM","6.27","-","-","3.19","-","-"
"MDC-Platinum","Nov 9, 2025, 7:00:00 PM","4.1","-","-","3.2","-","-"
"MDC-Platinum","Nov 10, 2025, 7:00:00 PM","4.56","-","-","3.21","-","-"
"MDC-Platinum","Nov 11, 2025, 7:00:00 PM","4.19","-","-","3.22","-","-"
"MDC-Platinum","Nov 12, 2025, 7:00:00 PM","4.66","-","-","3.22","-","-"
"MDC-Platinum","Nov 13, 2025, 7:00:00 PM","5.22","-","-","3.23","-","-"
"MDC-Platinum","Nov 14, 2025, 7:00:00 PM","5.11","-","-","3.24","-","-"
"MDC-Platinum","Nov 15, 2025, 7:00:00 PM","5.18","-","-","3.28","-","-"
"MDC-Platinum","Nov 16, 2025, 7:00:00 PM","4.02","-","-","3.28","-","-"
"MDC-Platinum","Nov 17, 2025, 7:00:00 PM","4.87","-","-","3.28","-","-"
"MDC-Platinum","Nov 18, 2025, 7:00:00 PM","5.34","-","-","3.29","-","-"
"MDC-Platinum","Nov 19, 2025, 7:00:00 PM","6.04","-","-","3.27","-","-"
"MDC-Platinum","Nov 20, 2025, 7:00:00 PM","5.71","-","-","3.26","-","-"
"MDC-Platinum","Nov 21, 2025, 7:00:00 PM","4.87","-","-","3.33","-","-"
"MDC-Platinum","Nov 22, 2025, 7:00:00 PM","5.42","-","-","3.37","-","-"
"MDC-Platinum","Nov 23, 2025, 7:00:00 PM","3.76","-","-","2.65","-","-"
"MDC-Platinum","Nov 24, 2025, 7:00:00 PM","4.31","-","-","2.96","-","-"
"MDC-Platinum","Nov 25, 2025, 7:00:00 PM","4.82","-","-","3.05","-","-"
"MDC-Platinum","Nov 26, 2025, 7:00:00 PM","4.69","-","-","3.11","-","-"
"MDC-Platinum","Nov 27, 2025, 7:00:00 PM","4.09","-","-","3.14","-","-"
"MDC-Platinum","Nov 28, 2025, 7:00:00 PM","4.3","-","-","3.15","-","-"
"MDC-Platinum","Nov 29, 2025, 7:00:00 PM","5.39","-","-","3.18","-","-"
"MDC-Platinum","Nov 30, 2025, 7:00:00 PM","4.27","-","-","3.2","-","-"
"MDC-Platinum","Dec 1, 2025, 7:00:00 PM","4.73","-","-","3.23","-","-"
"MDC-Platinum","Dec 2, 2025, 7:00:00 PM","5.53","-","-","3.26","-","-"
"MDC-Platinum","Dec 3, 2025, 7:00:00 PM","4.68","-","-","3.29","-","-"
"MDC-Platinum","Dec 4, 2025, 7:00:00 PM","2.93","-","-","3.31","-","-"
"MDC-Platinum","Dec 5, 2025, 7:00:00 PM","3.32","-","-","3.33","-","-"
"MDC-Platinum","Dec 6, 2025, 7:00:00 PM","3.05","-","-","3.38","-","-"
"MDC-Platinum","Dec 7, 2025, 7:00:00 PM","1.55","-","-","3.4","-","-"
"MDC-Platinum","Dec 8, 2025, 7:00:00 PM","2.21","-","-","3.4","-","-"
"MDC-Platinum","Dec 9, 2025, 7:00:00 PM","2.45","-","-","3.42","-","-"
"MDC-Platinum","Dec 10, 2025, 7:00:00 PM","2.45","-","-","3.45","-","-"
"MDC-Platinum","Dec 11, 2025, 7:00:00 PM","2.74","-","-","3.47","-","-"
"MDC-Platinum","Dec 12, 2025, 7:00:00 PM","2.39","-","-","3.47","-","-"
"MDC-Platinum","Dec 13, 2025, 7:00:00 PM","3.11","-","-","3.49","-","-"
"MDC-Platinum","Dec 14, 2025, 7:00:00 PM","1.48","-","-","3.49","-","-"
"MDC-Platinum","Dec 15, 2025, 7:00:00 PM","1.81","-","-","3.5","-","-"
"MDC-Platinum","Dec 16, 2025, 7:00:00 PM","2.55","-","-","3.54","-","-"
"MDC-Platinum","Dec 17, 2025, 7:00:00 PM","2.46","-","-","3.56","-","-"
"MDC-Platinum","Dec 18, 2025, 7:00:00 PM","2.61","-","-","3.56","-","-"
"MDC-Platinum","Dec 19, 2025, 7:00:00 PM","2.52","-","-","3.57","-","-"
"MDC-Platinum","Dec 20, 2025, 7:00:00 PM","3.15","-","-","3.6","-","-"
"MDC-Platinum","Dec 21, 2025, 7:00:00 PM","1.32","-","-","2.77","-","-"
"MDC-Platinum","Dec 22, 2025, 7:00:00 PM","1.97","-","-","2.97","-","-"
"MDC-Platinum","Dec 23, 2025, 7:00:00 PM","2.35","-","-","3.05","-","-"
"MDC-Platinum","Dec 24, 2025, 7:00:00 PM","2.21","-","-","3.09","-","-"
"MDC-Platinum","Dec 25, 2025, 7:00:00 PM","1.72","-","-","3.12","-","-"
"MDC-Platinum","Dec 26, 2025, 7:00:00 PM","1.73","-","-","3.14","-","-"
"MDC-Platinum","Dec 27, 2025, 7:00:00 PM","3.19","-","-","3.16","-","-"
"MDC-Platinum","Dec 28, 2025, 7:00:00 PM","1.82","-","-","3.18","-","-"
"MDC-Platinum","Dec 29, 2025, 7:00:00 PM","1.89","-","-","3.2","-","-"
"MDC-Platinum","Dec 30, 2025, 7:00:00 PM","2.18","-","-","3.22","-","-"
"MDC-Platinum","Dec 31, 2025, 7:00:00 PM","2.26","-","-","3.24","-","-"
"MDC-Platinum","Jan 1, 2026, 7:00:00 PM","1.84","-","-","3.26","-","-"
"MDC-Platinum","Jan 2, 2026, 7:00:00 PM","2.33","-","-","3.28","-","-"
"MDC-Platinum","Jan 3, 2026, 7:00:00 PM","3.17","-","-","3.31","-","-"
"MDC-Platinum","Jan 4, 2026, 7:00:00 PM","1.32","-","-","3.32","-","-"
"MDC-Platinum","Jan 5, 2026, 7:00:00 PM","2.15","-","-","3.34","-","-"
"MDC-Platinum","Jan 6, 2026, 7:00:00 PM","3.73","-","-","3.36","-","-"
"MDC-Platinum","Jan 7, 2026, 7:00:00 PM","2.64","-","-","3.38","-","-"
"MDC-Platinum","Jan 8, 2026, 7:00:00 PM","2.54","-","-","3.4","-","-"
"MDC-Platinum","Jan 9, 2026, 7:00:00 PM","2.61","-","-","3.41","-","-"
"MDC-Platinum","Jan 10, 2026, 7:00:00 PM","3.06","-","-","3.44","-","-"
"MDC-Platinum","Jan 11, 2026, 7:00:00 PM","1.64","-","-","3.45","-","-"
"MDC-Platinum","Jan 12, 2026, 7:00:00 PM","2.36","-","-","3.46","-","-"
"MDC-Platinum","Jan 13, 2026, 7:00:00 PM","3.1","-","-","3.46","-","-"
"MDC-Platinum","Jan 14, 2026, 7:00:00 PM","2.88","-","-","3.5","-","-"
"MDC-Platinum","Jan 15, 2026, 7:00:00 PM","2.89","-","-","3.51","-","-"
"MDC-Platinum","Jan 16, 2026, 7:00:00 PM","2.56","-","-","3.51","-","-"
"MDC-Platinum","Jan 17, 2026, 7:00:00 PM","3.2","-","-","3.53","-","-"
"MDC-Platinum","Jan 18, 2026, 7:00:00 PM","1.9","-","-","3.55","-","-"
"MDC-Platinum","Jan 19, 2026, 7:00:00 PM","1.47","-","-","3.56","-","-"
"MDC-Platinum","Jan 20, 2026, 7:00:00 PM","2.26","-","-","3.56","-","-"
"MDC-Platinum","Jan 21, 2026, 7:00:00 PM","2.96","-","-","3.56","-","-"
"MDC-Platinum","Jan 22, 2026, 7:00:00 PM","2.85","-","-","3.56","-","-"
"MDC-Platinum","Jan 23, 2026, 7:00:00 PM","2.98","-","-","3.57","-","-"
"MDC-Platinum","Jan 24, 2026, 7:00:00 PM","3.23","-","-","3.59","-","-"
"MDC-Platinum","Jan 25, 2026, 7:00:00 PM","1.34","-","-","2.73","-","-"
"MDC-Platinum","Jan 26, 2026, 7:00:00 PM","2.27","-","-","2.98","-","-"
"MDC-Platinum","Jan 27, 2026, 7:00:00 PM","2.79","-","-","3.06","-","-"
"MDC-Platinum","Jan 28, 2026, 7:00:00 PM","2.62","-","-","3.1","-","-"
"MDC-Platinum","Jan 29, 2026, 7:00:00 PM","2.56","-","-","3.14","-","-"
"MDC-Platinum","Jan 30, 2026, 11:05:14 AM","-","1.28","-","-","2.16","-"
"MDC-Platinum","Jan 30, 2026, 7:00:00 PM","2.55","-","-","3.17","-","-"
"MDC-Platinum","Jan 31, 2026, 11:07:07 AM","-","1.37","-","-","2.22","-"
"MDC-Platinum","Jan 31, 2026, 7:00:00 PM","3.02","-","-","3.23","-","-"
"MDC-Platinum","Feb 1, 2026, 11:04:34 AM","-","1.46","-","-","2.28","-"
"MDC-Platinum","Feb 1, 2026, 7:00:00 PM","1.47","-","-","3.23","-","-"
"MDC-Platinum","Feb 2, 2026, 11:06:48 AM","-","1.54","-","-","2.34","-"
"MDC-Platinum","Feb 2, 2026, 7:00:00 PM","2.41","-","-","3.25","-","-"
"MDC-Platinum","Feb 3, 2026, 11:03:59 AM","-","1.63","-","-","2.4","-"
"MDC-Platinum","Feb 3, 2026, 7:00:00 PM","2.76","-","-","3.27","-","-"
"MDC-Platinum","Feb 4, 2026, 11:05:57 AM","-","1.71","-","-","2.47","-"
"MDC-Platinum","Feb 4, 2026, 7:00:00 PM","2.64","-","-","3.3","-","-"
"MDC-Platinum","Feb 5, 2026, 11:03:00 AM","-","1.8","-","-","2.53","-"
"MDC-Platinum","Feb 5, 2026, 7:00:00 PM","3.01","-","-","3.32","-","-"
"MDC-Platinum","Feb 6, 2026, 11:05:03 AM","-","1.88","-","-","2.59","-"
"MDC-Platinum","Feb 6, 2026, 7:00:00 PM","3.46","-","-","3.34","-","-"
"MDC-Platinum","Feb 7, 2026, 11:07:10 AM","-","1.97","-","-","2.65","-"
"MDC-Platinum","Feb 7, 2026, 7:00:00 PM","3.16","-","-","3.39","-","-"
"MDC-Platinum","Feb 8, 2026, 11:04:21 AM","-","2.05","-","-","2.71","-"
"MDC-Platinum","Feb 8, 2026, 7:00:00 PM","1.91","-","-","3.39","-","-"
"MDC-Platinum","Feb 9, 2026, 11:06:36 AM","-","2.14","-","-","2.78","-"
"MDC-Platinum","Feb 9, 2026, 7:00:00 PM","2.26","-","-","3.39","-","-"
"MDC-Platinum","Feb 10, 2026, 11:03:43 AM","-","2.22","-","-","2.84","-"
"MDC-Platinum","Feb 10, 2026, 7:00:00 PM","2.93","-","-","3.4","-","-"
"MDC-Platinum","Feb 11, 2026, 11:05:48 AM","-","2.31","-","-","2.9","-"
"MDC-Platinum","Feb 11, 2026, 7:00:00 PM","3.12","-","-","3.41","-","-"
"MDC-Platinum","Feb 12, 2026, 11:07:43 AM","-","2.4","-","-","2.96","-"
"MDC-Platinum","Feb 12, 2026, 7:00:00 PM","3.15","-","-","3.37","-","-"
"MDC-Platinum","Feb 13, 2026, 11:04:48 AM","-","2.48","-","-","3.02","-"
"MDC-Platinum","Feb 13, 2026, 7:00:00 PM","2.78","-","-","3.26","-","-"
"MDC-Platinum","Feb 14, 2026, 11:06:51 AM","-","2.57","-","-","3.09","-"
"MDC-Platinum","Feb 14, 2026, 7:00:00 PM","3.14","-","-","3.29","-","-"
"MDC-Platinum","Feb 15, 2026, 11:03:53 AM","-","2.65","-","-","3.15","-"
"MDC-Platinum","Feb 15, 2026, 7:00:00 PM","1.61","-","-","3.31","-","-"
"MDC-Platinum","Feb 16, 2026, 11:06:01 AM","-","2.74","-","-","3.21","-"
"MDC-Platinum","Feb 16, 2026, 7:00:00 PM","1.54","-","-","3.34","-","-"
"MDC-Platinum","Feb 17, 2026, 11:03:09 AM","-","2.82","-","-","3.27","-"
"MDC-Platinum","Feb 17, 2026, 7:00:00 PM","2.73","-","-","3.35","-","-"
"MDC-Platinum","Feb 18, 2026, 11:05:14 AM","-","2.91","-","-","3.33","-"
"MDC-Platinum","Feb 18, 2026, 7:00:00 PM","3.01","-","-","3.39","-","-"
"MDC-Platinum","Feb 19, 2026, 11:06:56 AM","-","2.99","-","-","3.4","-"
"MDC-Platinum","Feb 19, 2026, 7:00:00 PM","3.24","-","-","3.41","-","-"
"MDC-Platinum","Feb 20, 2026, 11:04:11 AM","-","3.08","-","-","3.46","-"
"MDC-Platinum","Feb 20, 2026, 7:00:00 PM","3.38","-","-","3.41","-","-"
"MDC-Platinum","Feb 21, 2026, 11:06:40 AM","-","3.16","-","-","3.52","-"
"MDC-Platinum","Feb 21, 2026, 7:00:00 PM","3.38","-","-","3.42","-","-"
"MDC-Platinum","Feb 22, 2026, 11:04:28 AM","-","3.25","-","-","3.58","-"
"MDC-Platinum","Feb 22, 2026, 7:00:00 PM","1.9","-","-","2.83","-","-"
"MDC-Platinum","Feb 23, 2026, 11:07:13 AM","-","3.33","-","-","3.64","-"
"MDC-Platinum","Feb 23, 2026, 7:00:00 PM","3.04","-","-","3.17","-","-"
"MDC-Platinum","Feb 24, 2026, 11:04:53 AM","-","3.42","-","-","3.71","-"
"MDC-Platinum","Feb 24, 2026, 7:00:00 PM","3.65","-","-","3.35","-","-"
"MDC-Platinum","Feb 25, 2026, 11:07:41 AM","-","3.51","-","-","3.77","-"
"MDC-Platinum","Feb 25, 2026, 7:00:00 PM","3.57","-","-","3.43","-","-"
"MDC-Platinum","Feb 26, 2026, 11:05:36 AM","-","3.59","-","-","3.83","-"
"MDC-Platinum","Feb 26, 2026, 7:00:00 PM","3.49","-","-","3.46","-","-"
"MDC-Platinum","Feb 27, 2026, 11:03:14 AM","-","3.68","-","-","3.89","-"
"MDC-Platinum","Feb 27, 2026, 7:00:00 PM","3.31","-","-","3.49","-","-"
"MDC-Platinum","Feb 28, 2026, 11:06:26 AM","-","3.76","-","-","3.95","-"
"MDC-Platinum","Feb 28, 2026, 7:00:00 PM","3.72","-","-","3.55","-","-"
"MDC-Platinum","Mar 1, 2026, 11:04:10 AM","-","3.85","-","-","4.02","-"
"MDC-Platinum","Mar 1, 2026, 7:00:00 PM","2.05","-","-","3.45","-","-"
"MDC-Platinum","Mar 2, 2026, 11:07:13 AM","-","3.93","-","-","4.08","-"
"MDC-Platinum","Mar 2, 2026, 7:00:00 PM","3.16","-","-","3.51","-","-"
"MDC-Platinum","Mar 3, 2026, 11:05:14 AM","-","4.02","-","-","4.14","-"
"MDC-Platinum","Mar 3, 2026, 7:00:00 PM","3.75","-","-","3.62","-","-"
"MDC-Platinum","Mar 4, 2026, 11:03:33 AM","-","4.1","-","-","4.2","-"
"MDC-Platinum","Mar 4, 2026, 7:00:00 PM","4.7","-","-","3.65","-","-"
"MDC-Platinum","Mar 5, 2026, 11:06:48 AM","-","4.19","-","-","4.26","-"
"MDC-Platinum","Mar 5, 2026, 7:00:00 PM","3.55","-","-","3.68","-","-"
"MDC-Platinum","Mar 6, 2026, 11:04:41 AM","-","4.27","-","-","4.33","-"
"MDC-Platinum","Mar 6, 2026, 7:00:00 PM","4.38","-","-","3.71","-","-"
"MDC-Platinum","Mar 7, 2026, 11:07:41 AM","-","4.36","-","-","4.39","-"
"MDC-Platinum","Mar 7, 2026, 7:00:00 PM","3.85","-","-","3.74","-","-"
"MDC-Platinum","Mar 8, 2026, 11:05:59 AM","-","4.44","-","-","4.45","-"
"MDC-Platinum","Mar 8, 2026, 7:00:00 PM","2.74","-","-","3.71","-","-"
"MDC-Platinum","Mar 9, 2026, 11:04:20 AM","-","4.53","-","-","4.51","-"
"MDC-Platinum","Mar 9, 2026, 7:00:00 PM","3.46","-","-","3.73","-","-"
"MDC-Platinum","Mar 10, 2026, 11:02:46 AM","-","4.62","-","-","4.57","-"
"MDC-Platinum","Mar 10, 2026, 7:00:00 PM","3.8","-","-","3.75","-","-"
"MDC-Platinum","Mar 11, 2026, 11:06:09 AM","-","4.7","-","-","4.64","-"
"MDC-Platinum","Mar 11, 2026, 7:00:00 PM","4.03","-","-","3.95","-","-"
"MDC-Platinum","Mar 12, 2026, 11:04:09 AM","-","4.79","-","-","4.7","-"
"MDC-Platinum","Mar 12, 2026, 7:00:00 PM","5.31","-","-","4.83","-","-"
"MDC-Platinum","Mar 13, 2026, 11:07:18 AM","-","4.87","-","-","4.76","-"
"MDC-Platinum","Mar 13, 2026, 7:00:00 PM","5.78","-","-","4.85","-","-"
"MDC-Platinum","Mar 14, 2026, 11:05:23 AM","-","4.96","-","-","4.82","-"
"MDC-Platinum","Mar 14, 2026, 7:00:00 PM","6.04","-","-","4.87","-","-"
"MDC-Platinum","Mar 15, 2026, 11:03:33 AM","-","5.04","-","-","4.88","-"
"MDC-Platinum","Mar 15, 2026, 7:00:00 PM","4.15","-","-","4.9","-","-"
"MDC-Platinum","Mar 16, 2026, 11:06:28 AM","-","5.13","-","-","4.95","-"
"MDC-Platinum","Mar 16, 2026, 7:00:00 PM","5.2","-","-","4.9","-","-"
"MDC-Platinum","Mar 17, 2026, 11:04:26 AM","-","5.21","-","-","5.01","-"
"MDC-Platinum","Mar 17, 2026, 7:00:00 PM","5.69","-","-","4.93","-","-"
"MDC-Platinum","Mar 18, 2026, 11:07:32 AM","-","5.3","-","-","5.07","-"
"MDC-Platinum","Mar 18, 2026, 7:00:00 PM","5.93","-","-","4.95","-","-"
"MDC-Platinum","Mar 19, 2026, 11:05:30 AM","-","5.38","-","-","5.13","-"
"MDC-Platinum","Mar 19, 2026, 7:00:00 PM","5.86","-","-","4.96","-","-"
"MDC-Platinum","Mar 20, 2026, 11:03:39 AM","-","5.47","-","-","5.19","-"
"MDC-Platinum","Mar 20, 2026, 7:00:00 PM","5.7","-","-","4.97","-","-"
"MDC-Platinum","Mar 21, 2026, 11:06:53 AM","-","5.56","-","-","5.26","-"
"MDC-Platinum","Mar 21, 2026, 7:00:00 PM","5.99","-","-","4.99","-","-"
"MDC-Platinum","Mar 22, 2026, 11:04:48 AM","-","5.64","-","-","5.32","-"
"MDC-Platinum","Mar 22, 2026, 7:00:00 PM","4.24","-","-","3.9","-","-"
"MDC-Platinum","Mar 23, 2026, 11:03:02 AM","-","5.73","-","-","5.38","-"
"MDC-Platinum","Mar 23, 2026, 7:00:00 PM","5.32","-","-","4.24","-","-"
"MDC-Platinum","Mar 24, 2026, 11:06:12 AM","-","5.81","-","-","5.44","-"
"MDC-Platinum","Mar 24, 2026, 7:00:00 PM","6.33","-","-","4.57","-","-"
"MDC-Platinum","Mar 25, 2026, 11:04:18 AM","-","5.9","-","-","5.5","-"
"MDC-Platinum","Mar 25, 2026, 7:00:00 PM","5.53","-","-","4.48","-","-"
"MDC-Platinum","Mar 26, 2026, 11:07:39 AM","-","5.98","-","-","5.57","-"
"MDC-Platinum","Mar 26, 2026, 7:00:00 PM","5.2","-","-","4.5","-","-"
"MDC-Platinum","Mar 27, 2026, 11:05:47 AM","-","6.07","-","-","5.63","-"
"MDC-Platinum","Mar 27, 2026, 7:00:00 PM","5.01","-","-","4.59","-","-"
"MDC-Platinum","Mar 28, 2026, 11:04:02 AM","-","6.15","-","-","5.69","-"
"MDC-Platinum","Mar 28, 2026, 7:00:00 PM","5.43","-","-","4.68","-","-"
"MDC-Platinum","Mar 29, 2026, 11:07:16 AM","-","6.24","-","-","5.75","-"
"MDC-Platinum","Mar 29, 2026, 7:00:00 PM","4.11","-","-","4.69","-","-"
"MDC-Platinum","Mar 30, 2026, 11:05:28 AM","-","6.32","-","-","5.81","-"
"MDC-Platinum","Mar 30, 2026, 7:00:00 PM","4.72","-","-","4.72","-","-"
"MDC-Platinum","Mar 31, 2026, 11:03:25 AM","-","6.41","-","-","5.88","-"
"MDC-Platinum","Mar 31, 2026, 7:00:00 PM","5.73","-","-","4.75","-","-"
"MDC-Platinum","Apr 1, 2026, 11:06:22 AM","-","6.5","-","-","5.94","-"
"MDC-Platinum","Apr 1, 2026, 7:00:00 PM","5.75","-","-","4.8","-","-"
"MDC-Platinum","Apr 2, 2026, 11:04:37 AM","-","6.58","-","-","6","-"
"MDC-Platinum","Apr 2, 2026, 7:00:00 PM","5.73","-","-","4.83","-","-"
"MDC-Platinum","Apr 3, 2026, 11:02:50 AM","-","6.67","-","-","6.06","-"
"MDC-Platinum","Apr 3, 2026, 7:00:00 PM","5.47","-","-","4.87","-","-"
"MDC-Platinum","Apr 4, 2026, 11:06:10 AM","-","6.75","-","-","6.12","-"
"MDC-Platinum","Apr 4, 2026, 7:00:00 PM","6.37","-","-","4.89","-","-"
"MDC-Platinum","Apr 5, 2026, 11:04:23 AM","-","6.84","-","-","6.19","-"
"MDC-Platinum","Apr 5, 2026, 7:00:00 PM","4.16","-","-","4.9","-","-"
"MDC-Platinum","Apr 6, 2026, 11:02:44 AM","-","6.92","-","-","6.25","-"
"MDC-Platinum","Apr 6, 2026, 7:00:00 PM","5.17","-","-","4.92","-","-"
"MDC-Platinum","Apr 7, 2026, 11:05:54 AM","-","7.01","-","-","6.31","-"
"MDC-Platinum","Apr 7, 2026, 7:00:00 PM","6.63","-","-","5.37","-","-"
"MDC-Platinum","Apr 8, 2026, 11:04:25 AM","-","7.09","-","-","6.37","-"
"MDC-Platinum","Apr 8, 2026, 7:00:00 PM","8.44","-","-","6.89","-","-"
"MDC-Platinum","Apr 9, 2026, 11:02:53 AM","-","7.18","-","-","6.43","-"
"MDC-Platinum","Apr 9, 2026, 7:00:00 PM","9.59","-","-","7.74","-","-"
"MDC-Platinum","Apr 10, 2026, 11:06:18 AM","-","7.26","-","-","6.5","-"
"MDC-Platinum","Apr 10, 2026, 7:00:00 PM","9.16","-","-","7.79","-","-"
"MDC-Platinum","Apr 11, 2026, 11:04:11 AM","-","7.35","-","-","6.56","-"
"MDC-Platinum","Apr 11, 2026, 7:00:00 PM","9.33","-","-","7.84","-","-"
"MDC-Platinum","Apr 12, 2026, 11:07:22 AM","-","7.43","-","-","6.62","-"
"MDC-Platinum","Apr 12, 2026, 7:00:00 PM","7.52","-","-","7.89","-","-"
"MDC-Platinum","Apr 13, 2026, 11:05:31 AM","-","7.52","-","-","6.68","-"
"MDC-Platinum","Apr 13, 2026, 7:00:00 PM","8.23","-","-","7.94","-","-"
"MDC-Platinum","Apr 14, 2026, 11:03:55 AM","-","7.61","-","-","6.74","-"
"MDC-Platinum","Apr 14, 2026, 7:00:00 PM","9.08","-","-","8.02","-","-"
"MDC-Platinum","Apr 15, 2026, 11:07:17 AM","-","7.69","-","-","6.81","-"
"MDC-Platinum","Apr 15, 2026, 7:00:00 PM","9.77","-","-","8.15","-","-"
"MDC-Platinum","Apr 16, 2026, 11:05:34 AM","-","7.78","-","-","6.87","-"
"MDC-Platinum","Apr 16, 2026, 7:00:00 PM","9.2","-","-","8.14","-","-"
"MDC-Platinum","Apr 17, 2026, 11:03:41 AM","-","7.86","-","-","6.93","-"
"MDC-Platinum","Apr 17, 2026, 7:00:00 PM","9.14","-","-","8.14","-","-"
"MDC-Platinum","Apr 18, 2026, 11:06:55 AM","-","7.95","-","-","6.99","-"
"MDC-Platinum","Apr 18, 2026, 7:00:00 PM","9.26","-","-","8.14","-","-"
"MDC-Platinum","Apr 19, 2026, 11:04:59 AM","-","8.03","-","-","7.05","-"
"MDC-Platinum","Apr 19, 2026, 7:00:00 PM","7.87","-","-","8.14","-","-"
"MDC-Platinum","Apr 20, 2026, 11:03:29 AM","-","8.12","-","-","7.12","-"
"MDC-Platinum","Apr 20, 2026, 7:00:00 PM","8.74","-","-","8.14","-","-"
"MDC-Platinum","Apr 21, 2026, 11:06:43 AM","-","8.2","-","-","7.18","-"
"MDC-Platinum","Apr 21, 2026, 7:00:00 PM","10.18","-","-","8.09","-","-"
"MDC-Platinum","Apr 22, 2026, 11:04:59 AM","-","8.29","-","-","7.24","-"
"MDC-Platinum","Apr 22, 2026, 7:00:00 PM","9.74","-","-","8.15","-","-"
"MDC-Platinum","Apr 23, 2026, 11:03:18 AM","-","8.37","-","-","7.3","-"
"MDC-Platinum","Apr 23, 2026, 7:00:00 PM","8.75","-","-","8.09","-","-"
"MDC-Platinum","Apr 24, 2026, 11:06:26 AM","-","8.46","-","-","7.37","-"
"MDC-Platinum","Apr 24, 2026, 7:00:00 PM","9.41","-","-","8.15","-","-"
"MDC-Platinum","Apr 25, 2026, 11:04:46 AM","-","8.54","-","-","7.43","-"
"MDC-Platinum","Apr 25, 2026, 7:00:00 PM","9.21","-","-","8.16","-","-"
"MDC-Platinum","Apr 26, 2026, 11:03:00 AM","-","8.63","-","-","7.49","-"
"MDC-Platinum","Apr 26, 2026, 7:00:00 PM","6.98","-","-","6.22","-","-"
"MDC-Platinum","Apr 27, 2026, 11:06:06 AM","-","8.72","-","-","7.55","-"
"MDC-Platinum","Apr 27, 2026, 7:00:00 PM","8.13","-","-","7.43","-","-"
"MDC-Platinum","Apr 28, 2026, 11:04:12 AM","-","8.8","-","-","7.61","-"
"MDC-Platinum","Apr 28, 2026, 7:00:00 PM","9.22","-","-","7.71","-","-"
"MDC-Platinum","Apr 29, 2026, 11:07:23 AM","-","8.89","-","-","7.68","-"
"MDC-Platinum","Apr 29, 2026, 7:00:00 PM","9.1","-","-","7.82","-","-"
"MDC-Platinum","Apr 30, 2026, 10:05:14 AM","-","8.97","8.97","-","7.73","7.73"
"MDC-Platinum","Apr 30, 2026, 7:00:00 PM","8.66","-","-","7.87","-","-"
"MDC-Platinum","May 1, 2026, 10:05:14 AM","-","-","9.05","-","-","7.8"
"MDC-Platinum","May 2, 2026, 10:05:14 AM","-","-","9.14","-","-","7.86"
"MDC-Platinum","May 3, 2026, 10:05:14 AM","-","-","9.22","-","-","7.92"
"MDC-Platinum","May 4, 2026, 10:05:14 AM","-","-","9.31","-","-","7.98"
"MDC-Platinum","May 5, 2026, 10:05:14 AM","-","-","9.4","-","-","8.04"
"MDC-Dmz","Oct 30, 2025, 7:00:00 PM","1.76","-","-","4.62","-","-"
"MDC-Dmz","Oct 31, 2025, 7:00:00 PM","1.86","-","-","4.73","-","-"
"MDC-Dmz","Nov 1, 2025, 7:00:00 PM","1.89","-","-","5.06","-","-"
"MDC-Dmz","Nov 2, 2025, 7:00:00 PM","1.89","-","-","5.21","-","-"
"MDC-Dmz","Nov 3, 2025, 7:00:00 PM","2.01","-","-","5.22","-","-"
"MDC-Dmz","Nov 4, 2025, 7:00:00 PM","2.13","-","-","5.36","-","-"
"MDC-Dmz","Nov 5, 2025, 7:00:00 PM","2.16","-","-","5.5","-","-"
"MDC-Dmz","Nov 6, 2025, 7:00:00 PM","2.31","-","-","5.7","-","-"
"MDC-Dmz","Nov 7, 2025, 7:00:00 PM","2.32","-","-","5.78","-","-"
"MDC-Dmz","Nov 8, 2025, 7:00:00 PM","2.32","-","-","5.81","-","-"
"MDC-Dmz","Nov 9, 2025, 7:00:00 PM","2.33","-","-","5.84","-","-"
"MDC-Dmz","Nov 10, 2025, 7:00:00 PM","2.32","-","-","5.85","-","-"
"MDC-Dmz","Nov 11, 2025, 7:00:00 PM","2.33","-","-","5.87","-","-"
"MDC-Dmz","Nov 12, 2025, 7:00:00 PM","2.32","-","-","5.88","-","-"
"MDC-Dmz","Nov 13, 2025, 7:00:00 PM","2.37","-","-","5.83","-","-"
"MDC-Dmz","Nov 14, 2025, 7:00:00 PM","2.57","-","-","6.32","-","-"
"MDC-Dmz","Nov 15, 2025, 7:00:00 PM","2.37","-","-","5.87","-","-"
"MDC-Dmz","Nov 16, 2025, 7:00:00 PM","2.33","-","-","5.77","-","-"
"MDC-Dmz","Nov 17, 2025, 7:00:00 PM","2.35","-","-","5.85","-","-"
"MDC-Dmz","Nov 18, 2025, 7:00:00 PM","2.33","-","-","5.81","-","-"
"MDC-Dmz","Nov 19, 2025, 7:00:00 PM","2.38","-","-","5.96","-","-"
"MDC-Dmz","Nov 20, 2025, 7:00:00 PM","2.48","-","-","6.12","-","-"
"MDC-Dmz","Nov 21, 2025, 7:00:00 PM","2.5","-","-","6.05","-","-"
"MDC-Dmz","Nov 22, 2025, 7:00:00 PM","2.39","-","-","5.82","-","-"
"MDC-Dmz","Nov 23, 2025, 7:00:00 PM","2.52","-","-","5.63","-","-"
"MDC-Dmz","Nov 24, 2025, 7:00:00 PM","2.39","-","-","5.74","-","-"
"MDC-Dmz","Nov 25, 2025, 7:00:00 PM","2.23","-","-","5.4","-","-"
"MDC-Dmz","Nov 26, 2025, 7:00:00 PM","2.21","-","-","5.41","-","-"
"MDC-Dmz","Nov 27, 2025, 7:00:00 PM","2.21","-","-","5.44","-","-"
"MDC-Dmz","Nov 28, 2025, 7:00:00 PM","2.21","-","-","5.46","-","-"
"MDC-Dmz","Nov 29, 2025, 7:00:00 PM","2.21","-","-","5.49","-","-"
"MDC-Dmz","Nov 30, 2025, 7:00:00 PM","2.21","-","-","5.49","-","-"
"MDC-Dmz","Dec 1, 2025, 7:00:00 PM","2.19","-","-","5.49","-","-"
"MDC-Dmz","Dec 2, 2025, 7:00:00 PM","2.2","-","-","5.5","-","-"
"MDC-Dmz","Dec 3, 2025, 7:00:00 PM","2.21","-","-","5.5","-","-"
"MDC-Dmz","Dec 4, 2025, 7:00:00 PM","2.34","-","-","5.64","-","-"
"MDC-Dmz","Dec 5, 2025, 7:00:00 PM","2.45","-","-","5.92","-","-"
"MDC-Dmz","Dec 6, 2025, 7:00:00 PM","2.45","-","-","5.92","-","-"
"MDC-Dmz","Dec 7, 2025, 7:00:00 PM","2.45","-","-","5.92","-","-"
"MDC-Dmz","Dec 8, 2025, 7:00:00 PM","2.43","-","-","5.92","-","-"
"MDC-Dmz","Dec 9, 2025, 7:00:00 PM","2.36","-","-","5.93","-","-"
"MDC-Dmz","Dec 10, 2025, 7:00:00 PM","2.36","-","-","5.93","-","-"
"MDC-Dmz","Dec 11, 2025, 7:00:00 PM","2.4","-","-","5.97","-","-"
"MDC-Dmz","Dec 12, 2025, 7:00:00 PM","2.39","-","-","6.07","-","-"
"MDC-Dmz","Dec 13, 2025, 7:00:00 PM","2.76","-","-","5.93","-","-"
"MDC-Dmz","Dec 14, 2025, 7:00:00 PM","3.02","-","-","5.93","-","-"
"MDC-Dmz","Dec 15, 2025, 7:00:00 PM","3.02","-","-","5.93","-","-"
"MDC-Dmz","Dec 16, 2025, 7:00:00 PM","3.04","-","-","5.92","-","-"
"MDC-Dmz","Dec 17, 2025, 7:00:00 PM","3.03","-","-","5.92","-","-"
"MDC-Dmz","Dec 18, 2025, 7:00:00 PM","3.05","-","-","5.93","-","-"
"MDC-Dmz","Dec 19, 2025, 7:00:00 PM","3.05","-","-","5.93","-","-"
"MDC-Dmz","Dec 20, 2025, 7:00:00 PM","3.05","-","-","5.93","-","-"
"MDC-Dmz","Dec 21, 2025, 7:00:00 PM","2.69","-","-","5.68","-","-"
"MDC-Dmz","Dec 22, 2025, 7:00:00 PM","2.41","-","-","5.72","-","-"
"MDC-Dmz","Dec 23, 2025, 7:00:00 PM","2.39","-","-","5.78","-","-"
"MDC-Dmz","Dec 24, 2025, 7:00:00 PM","2.39","-","-","5.83","-","-"
"MDC-Dmz","Dec 25, 2025, 7:00:00 PM","2.39","-","-","5.86","-","-"
"MDC-Dmz","Dec 26, 2025, 7:00:00 PM","2.38","-","-","5.86","-","-"
"MDC-Dmz","Dec 27, 2025, 7:00:00 PM","2.38","-","-","5.87","-","-"
"MDC-Dmz","Dec 28, 2025, 7:00:00 PM","2.39","-","-","5.89","-","-"
"MDC-Dmz","Dec 29, 2025, 7:00:00 PM","2.4","-","-","5.9","-","-"
"MDC-Dmz","Dec 30, 2025, 7:00:00 PM","2.38","-","-","5.91","-","-"
"MDC-Dmz","Dec 31, 2025, 7:00:00 PM","2.39","-","-","5.93","-","-"
"MDC-Dmz","Jan 1, 2026, 7:00:00 PM","2.39","-","-","5.93","-","-"
"MDC-Dmz","Jan 2, 2026, 7:00:00 PM","2.39","-","-","5.93","-","-"
"MDC-Dmz","Jan 3, 2026, 7:00:00 PM","2.39","-","-","5.93","-","-"
"MDC-Dmz","Jan 4, 2026, 7:00:00 PM","2.4","-","-","5.93","-","-"
"MDC-Dmz","Jan 5, 2026, 7:00:00 PM","2.4","-","-","5.93","-","-"
"MDC-Dmz","Jan 6, 2026, 7:00:00 PM","2.46","-","-","5.93","-","-"
"MDC-Dmz","Jan 7, 2026, 7:00:00 PM","2.55","-","-","5.93","-","-"
"MDC-Dmz","Jan 8, 2026, 7:00:00 PM","2.56","-","-","5.93","-","-"
"MDC-Dmz","Jan 9, 2026, 7:00:00 PM","2.59","-","-","5.93","-","-"
"MDC-Dmz","Jan 10, 2026, 7:00:00 PM","2.59","-","-","5.93","-","-"
"MDC-Dmz","Jan 11, 2026, 7:00:00 PM","2.59","-","-","5.93","-","-"
"MDC-Dmz","Jan 12, 2026, 7:00:00 PM","2.61","-","-","5.93","-","-"
"MDC-Dmz","Jan 13, 2026, 7:00:00 PM","2.59","-","-","5.94","-","-"
"MDC-Dmz","Jan 14, 2026, 7:00:00 PM","2.6","-","-","5.94","-","-"
"MDC-Dmz","Jan 15, 2026, 7:00:00 PM","2.6","-","-","5.94","-","-"
"MDC-Dmz","Jan 16, 2026, 7:00:00 PM","2.61","-","-","5.94","-","-"
"MDC-Dmz","Jan 17, 2026, 7:00:00 PM","2.6","-","-","5.94","-","-"
"MDC-Dmz","Jan 18, 2026, 7:00:00 PM","2.61","-","-","5.94","-","-"
"MDC-Dmz","Jan 19, 2026, 7:00:00 PM","2.6","-","-","5.94","-","-"
"MDC-Dmz","Jan 20, 2026, 7:00:00 PM","2.67","-","-","6.05","-","-"
"MDC-Dmz","Jan 21, 2026, 7:00:00 PM","2.93","-","-","6.43","-","-"
"MDC-Dmz","Jan 22, 2026, 7:00:00 PM","2.89","-","-","6.46","-","-"
"MDC-Dmz","Jan 23, 2026, 7:00:00 PM","2.98","-","-","6.46","-","-"
"MDC-Dmz","Jan 24, 2026, 7:00:00 PM","3.43","-","-","6.46","-","-"
"MDC-Dmz","Jan 25, 2026, 7:00:00 PM","3.02","-","-","6.32","-","-"
"MDC-Dmz","Jan 26, 2026, 7:00:00 PM","2.8","-","-","6.29","-","-"
"MDC-Dmz","Jan 27, 2026, 7:00:00 PM","2.77","-","-","6.4","-","-"
"MDC-Dmz","Jan 28, 2026, 7:00:00 PM","2.83","-","-","6.46","-","-"
"MDC-Dmz","Jan 29, 2026, 7:00:00 PM","2.86","-","-","6.45","-","-"
"MDC-Dmz","Jan 30, 2026, 11:05:14 AM","-","2.6","-","-","5.85","-"
"MDC-Dmz","Jan 30, 2026, 7:00:00 PM","2.92","-","-","6.56","-","-"
"MDC-Dmz","Jan 31, 2026, 11:07:07 AM","-","2.63","-","-","5.93","-"
"MDC-Dmz","Jan 31, 2026, 7:00:00 PM","2.87","-","-","6.57","-","-"
"MDC-Dmz","Feb 1, 2026, 11:04:34 AM","-","2.67","-","-","6.02","-"
"MDC-Dmz","Feb 1, 2026, 7:00:00 PM","2.87","-","-","6.57","-","-"
"MDC-Dmz","Feb 2, 2026, 11:06:48 AM","-","2.7","-","-","6.1","-"
"MDC-Dmz","Feb 2, 2026, 7:00:00 PM","2.91","-","-","6.59","-","-"
"MDC-Dmz","Feb 3, 2026, 11:03:59 AM","-","2.74","-","-","6.18","-"
"MDC-Dmz","Feb 3, 2026, 7:00:00 PM","2.91","-","-","6.57","-","-"
"MDC-Dmz","Feb 4, 2026, 11:05:57 AM","-","2.77","-","-","6.27","-"
"MDC-Dmz","Feb 4, 2026, 7:00:00 PM","2.92","-","-","6.57","-","-"
"MDC-Dmz","Feb 5, 2026, 11:03:00 AM","-","2.81","-","-","6.35","-"
"MDC-Dmz","Feb 5, 2026, 7:00:00 PM","2.85","-","-","6.48","-","-"
"MDC-Dmz","Feb 6, 2026, 11:05:03 AM","-","2.84","-","-","6.44","-"
"MDC-Dmz","Feb 6, 2026, 7:00:00 PM","2.85","-","-","6.46","-","-"
"MDC-Dmz","Feb 7, 2026, 11:07:10 AM","-","2.87","-","-","6.52","-"
"MDC-Dmz","Feb 7, 2026, 7:00:00 PM","2.78","-","-","6.49","-","-"
"MDC-Dmz","Feb 8, 2026, 11:04:21 AM","-","2.91","-","-","6.6","-"
"MDC-Dmz","Feb 8, 2026, 7:00:00 PM","2.77","-","-","6.49","-","-"
"MDC-Dmz","Feb 9, 2026, 11:06:36 AM","-","2.94","-","-","6.69","-"
"MDC-Dmz","Feb 9, 2026, 7:00:00 PM","2.77","-","-","6.49","-","-"
"MDC-Dmz","Feb 10, 2026, 11:03:43 AM","-","2.98","-","-","6.77","-"
"MDC-Dmz","Feb 10, 2026, 7:00:00 PM","2.8","-","-","6.5","-","-"
"MDC-Dmz","Feb 11, 2026, 11:05:48 AM","-","3.01","-","-","6.86","-"
"MDC-Dmz","Feb 11, 2026, 7:00:00 PM","2.76","-","-","6.5","-","-"
"MDC-Dmz","Feb 12, 2026, 11:07:43 AM","-","3.05","-","-","6.94","-"
"MDC-Dmz","Feb 12, 2026, 7:00:00 PM","2.77","-","-","6.55","-","-"
"MDC-Dmz","Feb 13, 2026, 11:04:48 AM","-","3.08","-","-","7.03","-"
"MDC-Dmz","Feb 13, 2026, 7:00:00 PM","2.83","-","-","6.68","-","-"
"MDC-Dmz","Feb 14, 2026, 11:06:51 AM","-","3.12","-","-","7.11","-"
"MDC-Dmz","Feb 14, 2026, 7:00:00 PM","2.77","-","-","6.51","-","-"
"MDC-Dmz","Feb 15, 2026, 11:03:53 AM","-","3.15","-","-","7.19","-"
"MDC-Dmz","Feb 15, 2026, 7:00:00 PM","2.78","-","-","6.51","-","-"
"MDC-Dmz","Feb 16, 2026, 11:06:01 AM","-","3.18","-","-","7.28","-"
"MDC-Dmz","Feb 16, 2026, 7:00:00 PM","2.91","-","-","6.51","-","-"
"MDC-Dmz","Feb 17, 2026, 11:03:09 AM","-","3.22","-","-","7.36","-"
"MDC-Dmz","Feb 17, 2026, 7:00:00 PM","2.77","-","-","6.51","-","-"
"MDC-Dmz","Feb 18, 2026, 11:05:14 AM","-","3.25","-","-","7.45","-"
"MDC-Dmz","Feb 18, 2026, 7:00:00 PM","2.84","-","-","6.52","-","-"
"MDC-Dmz","Feb 19, 2026, 11:06:56 AM","-","3.29","-","-","7.53","-"
"MDC-Dmz","Feb 19, 2026, 7:00:00 PM","2.78","-","-","6.52","-","-"
"MDC-Dmz","Feb 20, 2026, 11:04:11 AM","-","3.32","-","-","7.61","-"
"MDC-Dmz","Feb 20, 2026, 7:00:00 PM","2.91","-","-","6.52","-","-"
"MDC-Dmz","Feb 21, 2026, 11:06:40 AM","-","3.36","-","-","7.7","-"
"MDC-Dmz","Feb 21, 2026, 7:00:00 PM","2.94","-","-","6.53","-","-"
"MDC-Dmz","Feb 22, 2026, 11:04:28 AM","-","3.39","-","-","7.78","-"
"MDC-Dmz","Feb 22, 2026, 7:00:00 PM","3.58","-","-","7.11","-","-"
"MDC-Dmz","Feb 23, 2026, 11:07:13 AM","-","3.42","-","-","7.87","-"
"MDC-Dmz","Feb 23, 2026, 7:00:00 PM","3.35","-","-","7.39","-","-"
"MDC-Dmz","Feb 24, 2026, 11:04:53 AM","-","3.46","-","-","7.95","-"
"MDC-Dmz","Feb 24, 2026, 7:00:00 PM","3.4","-","-","7.56","-","-"
"MDC-Dmz","Feb 25, 2026, 11:07:41 AM","-","3.49","-","-","8.03","-"
"MDC-Dmz","Feb 25, 2026, 7:00:00 PM","4.09","-","-","8.67","-","-"
"MDC-Dmz","Feb 26, 2026, 11:05:36 AM","-","3.53","-","-","8.12","-"
"MDC-Dmz","Feb 26, 2026, 7:00:00 PM","4.11","-","-","9.12","-","-"
"MDC-Dmz","Feb 27, 2026, 11:03:14 AM","-","3.56","-","-","8.2","-"
"MDC-Dmz","Feb 27, 2026, 7:00:00 PM","4.04","-","-","9.22","-","-"
"MDC-Dmz","Feb 28, 2026, 11:06:26 AM","-","3.6","-","-","8.29","-"
"MDC-Dmz","Feb 28, 2026, 7:00:00 PM","4.06","-","-","9.24","-","-"
"MDC-Dmz","Mar 1, 2026, 11:04:10 AM","-","3.63","-","-","8.37","-"
"MDC-Dmz","Mar 1, 2026, 7:00:00 PM","4.1","-","-","9.11","-","-"
"MDC-Dmz","Mar 2, 2026, 11:07:13 AM","-","3.67","-","-","8.46","-"
"MDC-Dmz","Mar 2, 2026, 7:00:00 PM","4.05","-","-","9.11","-","-"
"MDC-Dmz","Mar 3, 2026, 11:05:14 AM","-","3.7","-","-","8.54","-"
"MDC-Dmz","Mar 3, 2026, 7:00:00 PM","4.07","-","-","9.14","-","-"
"MDC-Dmz","Mar 4, 2026, 11:03:33 AM","-","3.73","-","-","8.62","-"
"MDC-Dmz","Mar 4, 2026, 7:00:00 PM","4.04","-","-","9.17","-","-"
"MDC-Dmz","Mar 5, 2026, 11:06:48 AM","-","3.77","-","-","8.71","-"
"MDC-Dmz","Mar 5, 2026, 7:00:00 PM","4.02","-","-","9.18","-","-"
"MDC-Dmz","Mar 6, 2026, 11:04:41 AM","-","3.8","-","-","8.79","-"
"MDC-Dmz","Mar 6, 2026, 7:00:00 PM","4.04","-","-","9.2","-","-"
"MDC-Dmz","Mar 7, 2026, 11:07:41 AM","-","3.84","-","-","8.88","-"
"MDC-Dmz","Mar 7, 2026, 7:00:00 PM","4.05","-","-","9.2","-","-"
"MDC-Dmz","Mar 8, 2026, 11:05:59 AM","-","3.87","-","-","8.96","-"
"MDC-Dmz","Mar 8, 2026, 7:00:00 PM","4.07","-","-","9.26","-","-"
"MDC-Dmz","Mar 9, 2026, 11:04:20 AM","-","3.91","-","-","9.04","-"
"MDC-Dmz","Mar 9, 2026, 7:00:00 PM","4.09","-","-","9.3","-","-"
"MDC-Dmz","Mar 10, 2026, 11:02:46 AM","-","3.94","-","-","9.13","-"
"MDC-Dmz","Mar 10, 2026, 7:00:00 PM","4.08","-","-","9.3","-","-"
"MDC-Dmz","Mar 11, 2026, 11:06:09 AM","-","3.98","-","-","9.21","-"
"MDC-Dmz","Mar 11, 2026, 7:00:00 PM","4.08","-","-","9.29","-","-"
"MDC-Dmz","Mar 12, 2026, 11:04:09 AM","-","4.01","-","-","9.3","-"
"MDC-Dmz","Mar 12, 2026, 7:00:00 PM","4.04","-","-","9.31","-","-"
"MDC-Dmz","Mar 13, 2026, 11:07:18 AM","-","4.04","-","-","9.38","-"
"MDC-Dmz","Mar 13, 2026, 7:00:00 PM","4.14","-","-","9.32","-","-"
"MDC-Dmz","Mar 14, 2026, 11:05:23 AM","-","4.08","-","-","9.46","-"
"MDC-Dmz","Mar 14, 2026, 7:00:00 PM","4.13","-","-","9.33","-","-"
"MDC-Dmz","Mar 15, 2026, 11:03:33 AM","-","4.11","-","-","9.55","-"
"MDC-Dmz","Mar 15, 2026, 7:00:00 PM","4.14","-","-","9.36","-","-"
"MDC-Dmz","Mar 16, 2026, 11:06:28 AM","-","4.15","-","-","9.63","-"
"MDC-Dmz","Mar 16, 2026, 7:00:00 PM","4.15","-","-","9.63","-","-"
"MDC-Dmz","Mar 17, 2026, 11:04:26 AM","-","4.18","-","-","9.72","-"
"MDC-Dmz","Mar 17, 2026, 7:00:00 PM","4.13","-","-","10.7","-","-"
"MDC-Dmz","Mar 18, 2026, 11:07:32 AM","-","4.22","-","-","9.8","-"
"MDC-Dmz","Mar 18, 2026, 7:00:00 PM","4.13","-","-","10.7","-","-"
"MDC-Dmz","Mar 19, 2026, 11:05:30 AM","-","4.25","-","-","9.89","-"
"MDC-Dmz","Mar 19, 2026, 7:00:00 PM","4.12","-","-","10.7","-","-"
"MDC-Dmz","Mar 20, 2026, 11:03:39 AM","-","4.28","-","-","9.97","-"
"MDC-Dmz","Mar 20, 2026, 7:00:00 PM","4.15","-","-","10.7","-","-"
"MDC-Dmz","Mar 21, 2026, 11:06:53 AM","-","4.32","-","-","10.05","-"
"MDC-Dmz","Mar 21, 2026, 7:00:00 PM","4.17","-","-","10.7","-","-"
"MDC-Dmz","Mar 22, 2026, 11:04:48 AM","-","4.35","-","-","10.14","-"
"MDC-Dmz","Mar 22, 2026, 7:00:00 PM","4.62","-","-","10.26","-","-"
"MDC-Dmz","Mar 23, 2026, 11:03:02 AM","-","4.39","-","-","10.22","-"
"MDC-Dmz","Mar 23, 2026, 7:00:00 PM","4.26","-","-","10.4","-","-"
"MDC-Dmz","Mar 24, 2026, 11:06:12 AM","-","4.42","-","-","10.31","-"
"MDC-Dmz","Mar 24, 2026, 7:00:00 PM","4.2","-","-","10.49","-","-"
"MDC-Dmz","Mar 25, 2026, 11:04:18 AM","-","4.46","-","-","10.39","-"
"MDC-Dmz","Mar 25, 2026, 7:00:00 PM","4.23","-","-","10.52","-","-"
"MDC-Dmz","Mar 26, 2026, 11:07:39 AM","-","4.49","-","-","10.47","-"
"MDC-Dmz","Mar 26, 2026, 7:00:00 PM","4.36","-","-","9.89","-","-"
"MDC-Dmz","Mar 27, 2026, 11:05:47 AM","-","4.53","-","-","10.56","-"
"MDC-Dmz","Mar 27, 2026, 7:00:00 PM","4.46","-","-","9.9","-","-"
"MDC-Dmz","Mar 28, 2026, 11:04:02 AM","-","4.56","-","-","10.64","-"
"MDC-Dmz","Mar 28, 2026, 7:00:00 PM","4.43","-","-","10","-","-"
"MDC-Dmz","Mar 29, 2026, 11:07:16 AM","-","4.59","-","-","10.73","-"
"MDC-Dmz","Mar 29, 2026, 7:00:00 PM","4.71","-","-","10.6","-","-"
"MDC-Dmz","Mar 30, 2026, 11:05:28 AM","-","4.63","-","-","10.81","-"
"MDC-Dmz","Mar 30, 2026, 7:00:00 PM","4.7","-","-","10.64","-","-"
"MDC-Dmz","Mar 31, 2026, 11:03:25 AM","-","4.66","-","-","10.89","-"
"MDC-Dmz","Mar 31, 2026, 7:00:00 PM","4.75","-","-","10.67","-","-"
"MDC-Dmz","Apr 1, 2026, 11:06:22 AM","-","4.7","-","-","10.98","-"
"MDC-Dmz","Apr 1, 2026, 7:00:00 PM","4.79","-","-","10.77","-","-"
"MDC-Dmz","Apr 2, 2026, 11:04:37 AM","-","4.73","-","-","11.06","-"
"MDC-Dmz","Apr 2, 2026, 7:00:00 PM","4.8","-","-","10.83","-","-"
"MDC-Dmz","Apr 3, 2026, 11:02:50 AM","-","4.77","-","-","11.15","-"
"MDC-Dmz","Apr 3, 2026, 7:00:00 PM","4.83","-","-","10.93","-","-"
"MDC-Dmz","Apr 4, 2026, 11:06:10 AM","-","4.8","-","-","11.23","-"
"MDC-Dmz","Apr 4, 2026, 7:00:00 PM","4.82","-","-","11.01","-","-"
"MDC-Dmz","Apr 5, 2026, 11:04:23 AM","-","4.84","-","-","11.32","-"
"MDC-Dmz","Apr 5, 2026, 7:00:00 PM","4.82","-","-","11.03","-","-"
"MDC-Dmz","Apr 6, 2026, 11:02:44 AM","-","4.87","-","-","11.4","-"
"MDC-Dmz","Apr 6, 2026, 7:00:00 PM","4.84","-","-","11.04","-","-"
"MDC-Dmz","Apr 7, 2026, 11:05:54 AM","-","4.9","-","-","11.48","-"
"MDC-Dmz","Apr 7, 2026, 7:00:00 PM","4.85","-","-","11.04","-","-"
"MDC-Dmz","Apr 8, 2026, 11:04:25 AM","-","4.94","-","-","11.57","-"
"MDC-Dmz","Apr 8, 2026, 7:00:00 PM","4.71","-","-","11.08","-","-"
"MDC-Dmz","Apr 9, 2026, 11:02:53 AM","-","4.97","-","-","11.65","-"
"MDC-Dmz","Apr 9, 2026, 7:00:00 PM","4.79","-","-","11.12","-","-"
"MDC-Dmz","Apr 10, 2026, 11:06:18 AM","-","5.01","-","-","11.74","-"
"MDC-Dmz","Apr 10, 2026, 7:00:00 PM","4.75","-","-","11.14","-","-"
"MDC-Dmz","Apr 11, 2026, 11:04:11 AM","-","5.04","-","-","11.82","-"
"MDC-Dmz","Apr 11, 2026, 7:00:00 PM","4.74","-","-","11.15","-","-"
"MDC-Dmz","Apr 12, 2026, 11:07:22 AM","-","5.08","-","-","11.9","-"
"MDC-Dmz","Apr 12, 2026, 7:00:00 PM","4.74","-","-","11.16","-","-"
"MDC-Dmz","Apr 13, 2026, 11:05:31 AM","-","5.11","-","-","11.99","-"
"MDC-Dmz","Apr 13, 2026, 7:00:00 PM","4.77","-","-","11.16","-","-"
"MDC-Dmz","Apr 14, 2026, 11:03:55 AM","-","5.14","-","-","12.07","-"
"MDC-Dmz","Apr 14, 2026, 7:00:00 PM","4.78","-","-","11.2","-","-"
"MDC-Dmz","Apr 15, 2026, 11:07:17 AM","-","5.18","-","-","12.16","-"
"MDC-Dmz","Apr 15, 2026, 7:00:00 PM","4.79","-","-","11.57","-","-"
"MDC-Dmz","Apr 16, 2026, 11:05:34 AM","-","5.21","-","-","12.24","-"
"MDC-Dmz","Apr 16, 2026, 7:00:00 PM","4.85","-","-","12.27","-","-"
"MDC-Dmz","Apr 17, 2026, 11:03:41 AM","-","5.25","-","-","12.32","-"
"MDC-Dmz","Apr 17, 2026, 7:00:00 PM","4.94","-","-","12.35","-","-"
"MDC-Dmz","Apr 18, 2026, 11:06:55 AM","-","5.28","-","-","12.41","-"
"MDC-Dmz","Apr 18, 2026, 7:00:00 PM","5.16","-","-","12.65","-","-"
"MDC-Dmz","Apr 19, 2026, 11:04:59 AM","-","5.32","-","-","12.49","-"
"MDC-Dmz","Apr 19, 2026, 7:00:00 PM","5.15","-","-","12.65","-","-"
"MDC-Dmz","Apr 20, 2026, 11:03:29 AM","-","5.35","-","-","12.58","-"
"MDC-Dmz","Apr 20, 2026, 7:00:00 PM","5.17","-","-","12.65","-","-"
"MDC-Dmz","Apr 21, 2026, 11:06:43 AM","-","5.39","-","-","12.66","-"
"MDC-Dmz","Apr 21, 2026, 7:00:00 PM","5.16","-","-","12.65","-","-"
"MDC-Dmz","Apr 22, 2026, 11:04:59 AM","-","5.42","-","-","12.75","-"
"MDC-Dmz","Apr 22, 2026, 7:00:00 PM","5.14","-","-","12.7","-","-"
"MDC-Dmz","Apr 23, 2026, 11:03:18 AM","-","5.45","-","-","12.83","-"
"MDC-Dmz","Apr 23, 2026, 7:00:00 PM","5.21","-","-","12.95","-","-"
"MDC-Dmz","Apr 24, 2026, 11:06:26 AM","-","5.49","-","-","12.91","-"
"MDC-Dmz","Apr 24, 2026, 7:00:00 PM","5.24","-","-","12.96","-","-"
"MDC-Dmz","Apr 25, 2026, 11:04:46 AM","-","5.52","-","-","13","-"
"MDC-Dmz","Apr 25, 2026, 7:00:00 PM","5.24","-","-","12.97","-","-"
"MDC-Dmz","Apr 26, 2026, 11:03:00 AM","-","5.56","-","-","13.08","-"
"MDC-Dmz","Apr 26, 2026, 7:00:00 PM","5.91","-","-","12.45","-","-"
"MDC-Dmz","Apr 27, 2026, 11:06:06 AM","-","5.59","-","-","13.17","-"
"MDC-Dmz","Apr 27, 2026, 7:00:00 PM","5.65","-","-","12.93","-","-"
"MDC-Dmz","Apr 28, 2026, 11:04:12 AM","-","5.63","-","-","13.25","-"
"MDC-Dmz","Apr 28, 2026, 7:00:00 PM","6.7","-","-","14.73","-","-"
"MDC-Dmz","Apr 29, 2026, 11:07:23 AM","-","5.66","-","-","13.33","-"
"MDC-Dmz","Apr 29, 2026, 7:00:00 PM","6.86","-","-","14.83","-","-"
"MDC-Dmz","Apr 30, 2026, 10:05:14 AM","-","5.69","5.69","-","13.41","13.41"
"MDC-Dmz","Apr 30, 2026, 7:00:00 PM","6.8","-","-","14.85","-","-"
"MDC-Dmz","May 1, 2026, 10:05:14 AM","-","-","5.73","-","-","13.5"
"MDC-Dmz","May 2, 2026, 10:05:14 AM","-","-","5.76","-","-","13.58"
"MDC-Dmz","May 3, 2026, 10:05:14 AM","-","-","5.8","-","-","13.67"
"MDC-Dmz","May 4, 2026, 10:05:14 AM","-","-","5.83","-","-","13.75"
"MDC-Dmz","May 5, 2026, 10:05:14 AM","-","-","5.87","-","-","13.84"
"MDC-Prod","Oct 30, 2025, 7:00:00 PM","8.52","-","-","14.29","-","-"
"MDC-Prod","Oct 31, 2025, 7:00:00 PM","7.18","-","-","14.32","-","-"
"MDC-Prod","Nov 1, 2025, 7:00:00 PM","6.44","-","-","14.56","-","-"
"MDC-Prod","Nov 2, 2025, 7:00:00 PM","6.19","-","-","14.79","-","-"
"MDC-Prod","Nov 3, 2025, 7:00:00 PM","6.57","-","-","14.86","-","-"
"MDC-Prod","Nov 4, 2025, 7:00:00 PM","6.79","-","-","14.94","-","-"
"MDC-Prod","Nov 5, 2025, 7:00:00 PM","6.96","-","-","15","-","-"
"MDC-Prod","Nov 6, 2025, 7:00:00 PM","7.93","-","-","14.97","-","-"
"MDC-Prod","Nov 7, 2025, 7:00:00 PM","8.32","-","-","15.02","-","-"
"MDC-Prod","Nov 8, 2025, 7:00:00 PM","8.65","-","-","15.11","-","-"
"MDC-Prod","Nov 9, 2025, 7:00:00 PM","8.74","-","-","15.15","-","-"
"MDC-Prod","Nov 10, 2025, 7:00:00 PM","8.27","-","-","15.19","-","-"
"MDC-Prod","Nov 11, 2025, 7:00:00 PM","6.39","-","-","15.08","-","-"
"MDC-Prod","Nov 12, 2025, 7:00:00 PM","6.72","-","-","15.13","-","-"
"MDC-Prod","Nov 13, 2025, 7:00:00 PM","6.67","-","-","15.22","-","-"
"MDC-Prod","Nov 14, 2025, 7:00:00 PM","7.28","-","-","14.96","-","-"
"MDC-Prod","Nov 15, 2025, 7:00:00 PM","6.91","-","-","15.12","-","-"
"MDC-Prod","Nov 16, 2025, 7:00:00 PM","7.46","-","-","15.81","-","-"
"MDC-Prod","Nov 17, 2025, 7:00:00 PM","8.66","-","-","15.88","-","-"
"MDC-Prod","Nov 18, 2025, 7:00:00 PM","8.19","-","-","16.02","-","-"
"MDC-Prod","Nov 19, 2025, 7:00:00 PM","9.63","-","-","16.35","-","-"
"MDC-Prod","Nov 20, 2025, 7:00:00 PM","8.37","-","-","16.71","-","-"
"MDC-Prod","Nov 21, 2025, 7:00:00 PM","8.15","-","-","16.64","-","-"
"MDC-Prod","Nov 22, 2025, 7:00:00 PM","8.5","-","-","16.77","-","-"
"MDC-Prod","Nov 23, 2025, 7:00:00 PM","7.66","-","-","14.07","-","-"
"MDC-Prod","Nov 24, 2025, 7:00:00 PM","7.17","-","-","14.36","-","-"
"MDC-Prod","Nov 25, 2025, 7:00:00 PM","7.67","-","-","14.91","-","-"
"MDC-Prod","Nov 26, 2025, 7:00:00 PM","7.95","-","-","15.22","-","-"
"MDC-Prod","Nov 27, 2025, 7:00:00 PM","8.01","-","-","15.42","-","-"
"MDC-Prod","Nov 28, 2025, 7:00:00 PM","8.35","-","-","15.59","-","-"
"MDC-Prod","Nov 29, 2025, 7:00:00 PM","9.51","-","-","15.79","-","-"
"MDC-Prod","Nov 30, 2025, 7:00:00 PM","9.8","-","-","15.9","-","-"
"MDC-Prod","Dec 1, 2025, 7:00:00 PM","9.28","-","-","15.96","-","-"
"MDC-Prod","Dec 2, 2025, 7:00:00 PM","8.15","-","-","16.08","-","-"
"MDC-Prod","Dec 3, 2025, 7:00:00 PM","8.38","-","-","16.13","-","-"
"MDC-Prod","Dec 4, 2025, 7:00:00 PM","9.67","-","-","16.25","-","-"
"MDC-Prod","Dec 5, 2025, 7:00:00 PM","9.31","-","-","16.39","-","-"
"MDC-Prod","Dec 6, 2025, 7:00:00 PM","8.09","-","-","16.6","-","-"
"MDC-Prod","Dec 7, 2025, 7:00:00 PM","8.81","-","-","16.25","-","-"
"MDC-Prod","Dec 8, 2025, 7:00:00 PM","8.58","-","-","16.3","-","-"
"MDC-Prod","Dec 9, 2025, 7:00:00 PM","7.41","-","-","16.49","-","-"
"MDC-Prod","Dec 10, 2025, 7:00:00 PM","7.76","-","-","16.76","-","-"
"MDC-Prod","Dec 11, 2025, 7:00:00 PM","8.39","-","-","16.93","-","-"
"MDC-Prod","Dec 12, 2025, 7:00:00 PM","8.74","-","-","16.86","-","-"
"MDC-Prod","Dec 13, 2025, 7:00:00 PM","8.09","-","-","16.88","-","-"
"MDC-Prod","Dec 14, 2025, 7:00:00 PM","7.98","-","-","16.9","-","-"
"MDC-Prod","Dec 15, 2025, 7:00:00 PM","8.44","-","-","16.9","-","-"
"MDC-Prod","Dec 16, 2025, 7:00:00 PM","8.48","-","-","16.91","-","-"
"MDC-Prod","Dec 17, 2025, 7:00:00 PM","8.32","-","-","16.96","-","-"
"MDC-Prod","Dec 18, 2025, 7:00:00 PM","8.7","-","-","17.01","-","-"
"MDC-Prod","Dec 19, 2025, 7:00:00 PM","8.7","-","-","17.03","-","-"
"MDC-Prod","Dec 20, 2025, 7:00:00 PM","7.49","-","-","17.14","-","-"
"MDC-Prod","Dec 21, 2025, 7:00:00 PM","7.3","-","-","14.28","-","-"
"MDC-Prod","Dec 22, 2025, 7:00:00 PM","7.35","-","-","14.72","-","-"
"MDC-Prod","Dec 23, 2025, 7:00:00 PM","8.73","-","-","15.54","-","-"
"MDC-Prod","Dec 24, 2025, 7:00:00 PM","9.17","-","-","15.78","-","-"
"MDC-Prod","Dec 25, 2025, 7:00:00 PM","8.54","-","-","15.89","-","-"
"MDC-Prod","Dec 26, 2025, 7:00:00 PM","7.83","-","-","15.98","-","-"
"MDC-Prod","Dec 27, 2025, 7:00:00 PM","6.56","-","-","16.07","-","-"
"MDC-Prod","Dec 28, 2025, 7:00:00 PM","6.44","-","-","16.13","-","-"
"MDC-Prod","Dec 29, 2025, 7:00:00 PM","7","-","-","16.24","-","-"
"MDC-Prod","Dec 30, 2025, 7:00:00 PM","7.91","-","-","16.39","-","-"
"MDC-Prod","Dec 31, 2025, 7:00:00 PM","7.51","-","-","16.45","-","-"
"MDC-Prod","Jan 1, 2026, 7:00:00 PM","8.07","-","-","16.48","-","-"
"MDC-Prod","Jan 2, 2026, 7:00:00 PM","10.31","-","-","16.51","-","-"
"MDC-Prod","Jan 3, 2026, 7:00:00 PM","13.7","-","-","16.56","-","-"
"MDC-Prod","Jan 4, 2026, 7:00:00 PM","12.8","-","-","16.59","-","-"
"MDC-Prod","Jan 5, 2026, 7:00:00 PM","13.55","-","-","16.64","-","-"
"MDC-Prod","Jan 6, 2026, 7:00:00 PM","14.32","-","-","16.82","-","-"
"MDC-Prod","Jan 7, 2026, 7:00:00 PM","14.68","-","-","16.86","-","-"
"MDC-Prod","Jan 8, 2026, 7:00:00 PM","12.81","-","-","16.92","-","-"
"MDC-Prod","Jan 9, 2026, 7:00:00 PM","14.09","-","-","16.97","-","-"
"MDC-Prod","Jan 10, 2026, 7:00:00 PM","13.07","-","-","17.22","-","-"
"MDC-Prod","Jan 11, 2026, 7:00:00 PM","12.03","-","-","17.32","-","-"
"MDC-Prod","Jan 12, 2026, 7:00:00 PM","10.79","-","-","17.34","-","-"
"MDC-Prod","Jan 13, 2026, 7:00:00 PM","11.78","-","-","17.4","-","-"
"MDC-Prod","Jan 14, 2026, 7:00:00 PM","11.93","-","-","17.43","-","-"
"MDC-Prod","Jan 15, 2026, 7:00:00 PM","12.77","-","-","17.57","-","-"
"MDC-Prod","Jan 16, 2026, 7:00:00 PM","11.53","-","-","17.63","-","-"
"MDC-Prod","Jan 17, 2026, 7:00:00 PM","10.94","-","-","17.97","-","-"
"MDC-Prod","Jan 18, 2026, 7:00:00 PM","12.29","-","-","18.12","-","-"
"MDC-Prod","Jan 19, 2026, 7:00:00 PM","12.57","-","-","18.16","-","-"
"MDC-Prod","Jan 20, 2026, 7:00:00 PM","13.06","-","-","18.17","-","-"
"MDC-Prod","Jan 21, 2026, 7:00:00 PM","13.57","-","-","18.21","-","-"
"MDC-Prod","Jan 22, 2026, 7:00:00 PM","11.45","-","-","18.35","-","-"
"MDC-Prod","Jan 23, 2026, 7:00:00 PM","13.9","-","-","18.31","-","-"
"MDC-Prod","Jan 24, 2026, 7:00:00 PM","14.12","-","-","18.36","-","-"
"MDC-Prod","Jan 25, 2026, 7:00:00 PM","10.67","-","-","15.74","-","-"
"MDC-Prod","Jan 26, 2026, 7:00:00 PM","12.53","-","-","16.04","-","-"
"MDC-Prod","Jan 27, 2026, 7:00:00 PM","14.2","-","-","16.73","-","-"
"MDC-Prod","Jan 28, 2026, 7:00:00 PM","14.8","-","-","17.08","-","-"
"MDC-Prod","Jan 29, 2026, 7:00:00 PM","13.66","-","-","17.38","-","-"
"MDC-Prod","Jan 30, 2026, 11:05:14 AM","-","11.96","-","-","16.14","-"
"MDC-Prod","Jan 30, 2026, 7:00:00 PM","15.44","-","-","17.7","-","-"
"MDC-Prod","Jan 31, 2026, 11:07:07 AM","-","12.07","-","-","16.27","-"
"MDC-Prod","Jan 31, 2026, 7:00:00 PM","14.65","-","-","18.03","-","-"
"MDC-Prod","Feb 1, 2026, 11:04:34 AM","-","12.18","-","-","16.41","-"
"MDC-Prod","Feb 1, 2026, 7:00:00 PM","13.99","-","-","18.11","-","-"
"MDC-Prod","Feb 2, 2026, 11:06:48 AM","-","12.29","-","-","16.55","-"
"MDC-Prod","Feb 2, 2026, 7:00:00 PM","14.66","-","-","18.15","-","-"
"MDC-Prod","Feb 3, 2026, 11:03:59 AM","-","12.4","-","-","16.69","-"
"MDC-Prod","Feb 3, 2026, 7:00:00 PM","14.38","-","-","18.12","-","-"
"MDC-Prod","Feb 4, 2026, 11:05:57 AM","-","12.51","-","-","16.83","-"
"MDC-Prod","Feb 4, 2026, 7:00:00 PM","13.82","-","-","18.19","-","-"
"MDC-Prod","Feb 5, 2026, 11:03:00 AM","-","12.62","-","-","16.97","-"
"MDC-Prod","Feb 5, 2026, 7:00:00 PM","14.34","-","-","18.48","-","-"
"MDC-Prod","Feb 6, 2026, 11:05:03 AM","-","12.73","-","-","17.11","-"
"MDC-Prod","Feb 6, 2026, 7:00:00 PM","14.84","-","-","18.61","-","-"
"MDC-Prod","Feb 7, 2026, 11:07:10 AM","-","12.84","-","-","17.25","-"
"MDC-Prod","Feb 7, 2026, 7:00:00 PM","12.51","-","-","18.71","-","-"
"MDC-Prod","Feb 8, 2026, 11:04:21 AM","-","12.95","-","-","17.38","-"
"MDC-Prod","Feb 8, 2026, 7:00:00 PM","12.43","-","-","18.75","-","-"
"MDC-Prod","Feb 9, 2026, 11:06:36 AM","-","13.06","-","-","17.52","-"
"MDC-Prod","Feb 9, 2026, 7:00:00 PM","13.28","-","-","18.78","-","-"
"MDC-Prod","Feb 10, 2026, 11:03:43 AM","-","13.17","-","-","17.66","-"
"MDC-Prod","Feb 10, 2026, 7:00:00 PM","15.11","-","-","18.84","-","-"
"MDC-Prod","Feb 11, 2026, 11:05:48 AM","-","13.29","-","-","17.8","-"
"MDC-Prod","Feb 11, 2026, 7:00:00 PM","17.37","-","-","19.02","-","-"
"MDC-Prod","Feb 12, 2026, 11:07:43 AM","-","13.4","-","-","17.94","-"
"MDC-Prod","Feb 12, 2026, 7:00:00 PM","15.58","-","-","19.53","-","-"
"MDC-Prod","Feb 13, 2026, 11:04:48 AM","-","13.51","-","-","18.08","-"
"MDC-Prod","Feb 13, 2026, 7:00:00 PM","13.85","-","-","19.46","-","-"
"MDC-Prod","Feb 14, 2026, 11:06:51 AM","-","13.62","-","-","18.22","-"
"MDC-Prod","Feb 14, 2026, 7:00:00 PM","13.83","-","-","19.5","-","-"
"MDC-Prod","Feb 15, 2026, 11:03:53 AM","-","13.73","-","-","18.35","-"
"MDC-Prod","Feb 15, 2026, 7:00:00 PM","13.81","-","-","19.57","-","-"
"MDC-Prod","Feb 16, 2026, 11:06:01 AM","-","13.84","-","-","18.49","-"
"MDC-Prod","Feb 16, 2026, 7:00:00 PM","13.87","-","-","19.66","-","-"
"MDC-Prod","Feb 17, 2026, 11:03:09 AM","-","13.95","-","-","18.63","-"
"MDC-Prod","Feb 17, 2026, 7:00:00 PM","14.45","-","-","19.66","-","-"
"MDC-Prod","Feb 18, 2026, 11:05:14 AM","-","14.06","-","-","18.77","-"
"MDC-Prod","Feb 18, 2026, 7:00:00 PM","15.61","-","-","19.67","-","-"
"MDC-Prod","Feb 19, 2026, 11:06:56 AM","-","14.17","-","-","18.91","-"
"MDC-Prod","Feb 19, 2026, 7:00:00 PM","15.14","-","-","19.84","-","-"
"MDC-Prod","Feb 20, 2026, 11:04:11 AM","-","14.28","-","-","19.05","-"
"MDC-Prod","Feb 20, 2026, 7:00:00 PM","13.78","-","-","19.77","-","-"
"MDC-Prod","Feb 21, 2026, 11:06:40 AM","-","14.39","-","-","19.19","-"
"MDC-Prod","Feb 21, 2026, 7:00:00 PM","12.98","-","-","19.82","-","-"
"MDC-Prod","Feb 22, 2026, 11:04:28 AM","-","14.5","-","-","19.33","-"
"MDC-Prod","Feb 22, 2026, 7:00:00 PM","12.05","-","-","16.87","-","-"
"MDC-Prod","Feb 23, 2026, 11:07:13 AM","-","14.61","-","-","19.46","-"
"MDC-Prod","Feb 23, 2026, 7:00:00 PM","13.53","-","-","17.38","-","-"
"MDC-Prod","Feb 24, 2026, 11:04:53 AM","-","14.72","-","-","19.6","-"
"MDC-Prod","Feb 24, 2026, 7:00:00 PM","14.57","-","-","18.55","-","-"
"MDC-Prod","Feb 25, 2026, 11:07:41 AM","-","14.83","-","-","19.74","-"
"MDC-Prod","Feb 25, 2026, 7:00:00 PM","15.26","-","-","18.92","-","-"
"MDC-Prod","Feb 26, 2026, 11:05:36 AM","-","14.94","-","-","19.88","-"
"MDC-Prod","Feb 26, 2026, 7:00:00 PM","15.3","-","-","19.16","-","-"
"MDC-Prod","Feb 27, 2026, 11:03:14 AM","-","15.06","-","-","20.02","-"
"MDC-Prod","Feb 27, 2026, 7:00:00 PM","15.1","-","-","19.49","-","-"
"MDC-Prod","Feb 28, 2026, 11:06:26 AM","-","15.17","-","-","20.16","-"
"MDC-Prod","Feb 28, 2026, 7:00:00 PM","14.05","-","-","19.77","-","-"
"MDC-Prod","Mar 1, 2026, 11:04:10 AM","-","15.28","-","-","20.3","-"
"MDC-Prod","Mar 1, 2026, 7:00:00 PM","13.99","-","-","19.66","-","-"
"MDC-Prod","Mar 2, 2026, 11:07:13 AM","-","15.39","-","-","20.44","-"
"MDC-Prod","Mar 2, 2026, 7:00:00 PM","14.64","-","-","19.68","-","-"
"MDC-Prod","Mar 3, 2026, 11:05:14 AM","-","15.5","-","-","20.57","-"
"MDC-Prod","Mar 3, 2026, 7:00:00 PM","14.47","-","-","19.79","-","-"
"MDC-Prod","Mar 4, 2026, 11:03:33 AM","-","15.61","-","-","20.71","-"
"MDC-Prod","Mar 4, 2026, 7:00:00 PM","16.05","-","-","19.88","-","-"
"MDC-Prod","Mar 5, 2026, 11:06:48 AM","-","15.72","-","-","20.85","-"
"MDC-Prod","Mar 5, 2026, 7:00:00 PM","14.92","-","-","19.98","-","-"
"MDC-Prod","Mar 6, 2026, 11:04:41 AM","-","15.83","-","-","20.99","-"
"MDC-Prod","Mar 6, 2026, 7:00:00 PM","14.97","-","-","19.66","-","-"
"MDC-Prod","Mar 7, 2026, 11:07:41 AM","-","15.94","-","-","21.13","-"
"MDC-Prod","Mar 7, 2026, 7:00:00 PM","14.53","-","-","19.69","-","-"
"MDC-Prod","Mar 8, 2026, 11:05:59 AM","-","16.05","-","-","21.27","-"
"MDC-Prod","Mar 8, 2026, 7:00:00 PM","13.98","-","-","19.67","-","-"
"MDC-Prod","Mar 9, 2026, 11:04:20 AM","-","16.16","-","-","21.41","-"
"MDC-Prod","Mar 9, 2026, 7:00:00 PM","15.35","-","-","19.69","-","-"
"MDC-Prod","Mar 10, 2026, 11:02:46 AM","-","16.27","-","-","21.54","-"
"MDC-Prod","Mar 10, 2026, 7:00:00 PM","16.01","-","-","19.75","-","-"
"MDC-Prod","Mar 11, 2026, 11:06:09 AM","-","16.38","-","-","21.68","-"
"MDC-Prod","Mar 11, 2026, 7:00:00 PM","15.18","-","-","19.85","-","-"
"MDC-Prod","Mar 12, 2026, 11:04:09 AM","-","16.49","-","-","21.82","-"
"MDC-Prod","Mar 12, 2026, 7:00:00 PM","15.02","-","-","20.2","-","-"
"MDC-Prod","Mar 13, 2026, 11:07:18 AM","-","16.6","-","-","21.96","-"
"MDC-Prod","Mar 13, 2026, 7:00:00 PM","15.57","-","-","21.12","-","-"
"MDC-Prod","Mar 14, 2026, 11:05:23 AM","-","16.72","-","-","22.1","-"
"MDC-Prod","Mar 14, 2026, 7:00:00 PM","15.16","-","-","21.12","-","-"
"MDC-Prod","Mar 15, 2026, 11:03:33 AM","-","16.83","-","-","22.24","-"
"MDC-Prod","Mar 15, 2026, 7:00:00 PM","14.81","-","-","21.29","-","-"
"MDC-Prod","Mar 16, 2026, 11:06:28 AM","-","16.94","-","-","22.38","-"
"MDC-Prod","Mar 16, 2026, 7:00:00 PM","16.61","-","-","21.34","-","-"
"MDC-Prod","Mar 17, 2026, 11:04:26 AM","-","17.05","-","-","22.52","-"
"MDC-Prod","Mar 17, 2026, 7:00:00 PM","16.25","-","-","21.35","-","-"
"MDC-Prod","Mar 18, 2026, 11:07:32 AM","-","17.16","-","-","22.65","-"
"MDC-Prod","Mar 18, 2026, 7:00:00 PM","14.49","-","-","21.37","-","-"
"MDC-Prod","Mar 19, 2026, 11:05:30 AM","-","17.27","-","-","22.79","-"
"MDC-Prod","Mar 19, 2026, 7:00:00 PM","15.24","-","-","20.97","-","-"
"MDC-Prod","Mar 20, 2026, 11:03:39 AM","-","17.38","-","-","22.93","-"
"MDC-Prod","Mar 20, 2026, 7:00:00 PM","16.05","-","-","21.01","-","-"
"MDC-Prod","Mar 21, 2026, 11:06:53 AM","-","17.49","-","-","23.07","-"
"MDC-Prod","Mar 21, 2026, 7:00:00 PM","17.86","-","-","21.04","-","-"
"MDC-Prod","Mar 22, 2026, 11:04:48 AM","-","17.6","-","-","23.21","-"
"MDC-Prod","Mar 22, 2026, 7:00:00 PM","17.01","-","-","17.65","-","-"
"MDC-Prod","Mar 23, 2026, 11:03:02 AM","-","17.71","-","-","23.35","-"
"MDC-Prod","Mar 23, 2026, 7:00:00 PM","16.6","-","-","18.75","-","-"
"MDC-Prod","Mar 24, 2026, 11:06:12 AM","-","17.82","-","-","23.49","-"
"MDC-Prod","Mar 24, 2026, 7:00:00 PM","18.11","-","-","19.82","-","-"
"MDC-Prod","Mar 25, 2026, 11:04:18 AM","-","17.93","-","-","23.62","-"
"MDC-Prod","Mar 25, 2026, 7:00:00 PM","17.06","-","-","20.28","-","-"
"MDC-Prod","Mar 26, 2026, 11:07:39 AM","-","18.04","-","-","23.76","-"
"MDC-Prod","Mar 26, 2026, 7:00:00 PM","15.84","-","-","20.88","-","-"
"MDC-Prod","Mar 27, 2026, 11:05:47 AM","-","18.15","-","-","23.9","-"
"MDC-Prod","Mar 27, 2026, 7:00:00 PM","13.91","-","-","20.77","-","-"
"MDC-Prod","Mar 28, 2026, 11:04:02 AM","-","18.26","-","-","24.04","-"
"MDC-Prod","Mar 28, 2026, 7:00:00 PM","15.79","-","-","21.17","-","-"
"MDC-Prod","Mar 29, 2026, 11:07:16 AM","-","18.38","-","-","24.18","-"
"MDC-Prod","Mar 29, 2026, 7:00:00 PM","18.35","-","-","24.85","-","-"
"MDC-Prod","Mar 30, 2026, 11:05:28 AM","-","18.49","-","-","24.32","-"
"MDC-Prod","Mar 30, 2026, 7:00:00 PM","19.14","-","-","25.13","-","-"
"MDC-Prod","Mar 31, 2026, 11:03:25 AM","-","18.6","-","-","24.46","-"
"MDC-Prod","Mar 31, 2026, 7:00:00 PM","18.29","-","-","24.54","-","-"
"MDC-Prod","Apr 1, 2026, 11:06:22 AM","-","18.71","-","-","24.6","-"
"MDC-Prod","Apr 1, 2026, 7:00:00 PM","17.6","-","-","24.97","-","-"
"MDC-Prod","Apr 2, 2026, 11:04:37 AM","-","18.82","-","-","24.73","-"
"MDC-Prod","Apr 2, 2026, 7:00:00 PM","18","-","-","25.23","-","-"
"MDC-Prod","Apr 3, 2026, 11:02:50 AM","-","18.93","-","-","24.87","-"
"MDC-Prod","Apr 3, 2026, 7:00:00 PM","17.88","-","-","25.57","-","-"
"MDC-Prod","Apr 4, 2026, 11:06:10 AM","-","19.04","-","-","25.01","-"
"MDC-Prod","Apr 4, 2026, 7:00:00 PM","17.93","-","-","25.72","-","-"
"MDC-Prod","Apr 5, 2026, 11:04:23 AM","-","19.15","-","-","25.15","-"
"MDC-Prod","Apr 5, 2026, 7:00:00 PM","16.8","-","-","25.63","-","-"
"MDC-Prod","Apr 6, 2026, 11:02:44 AM","-","19.26","-","-","25.29","-"
"MDC-Prod","Apr 6, 2026, 7:00:00 PM","17.67","-","-","25.68","-","-"
"MDC-Prod","Apr 7, 2026, 11:05:54 AM","-","19.37","-","-","25.43","-"
"MDC-Prod","Apr 7, 2026, 7:00:00 PM","18.53","-","-","26.03","-","-"
"MDC-Prod","Apr 8, 2026, 11:04:25 AM","-","19.48","-","-","25.57","-"
"MDC-Prod","Apr 8, 2026, 7:00:00 PM","17.98","-","-","26.34","-","-"
"MDC-Prod","Apr 9, 2026, 11:02:53 AM","-","19.59","-","-","25.71","-"
"MDC-Prod","Apr 9, 2026, 7:00:00 PM","19.87","-","-","26.45","-","-"
"MDC-Prod","Apr 10, 2026, 11:06:18 AM","-","19.7","-","-","25.84","-"
"MDC-Prod","Apr 10, 2026, 7:00:00 PM","17.5","-","-","26.48","-","-"
"MDC-Prod","Apr 11, 2026, 11:04:11 AM","-","19.81","-","-","25.98","-"
"MDC-Prod","Apr 11, 2026, 7:00:00 PM","16.37","-","-","26.54","-","-"
"MDC-Prod","Apr 12, 2026, 11:07:22 AM","-","19.92","-","-","26.12","-"
"MDC-Prod","Apr 12, 2026, 7:00:00 PM","16.46","-","-","26.45","-","-"
"MDC-Prod","Apr 13, 2026, 11:05:31 AM","-","20.03","-","-","26.26","-"
"MDC-Prod","Apr 13, 2026, 7:00:00 PM","17.82","-","-","26.52","-","-"
"MDC-Prod","Apr 14, 2026, 11:03:55 AM","-","20.15","-","-","26.4","-"
"MDC-Prod","Apr 14, 2026, 7:00:00 PM","19.92","-","-","26.74","-","-"
"MDC-Prod","Apr 15, 2026, 11:07:17 AM","-","20.26","-","-","26.54","-"
"MDC-Prod","Apr 15, 2026, 7:00:00 PM","20.46","-","-","26.87","-","-"
"MDC-Prod","Apr 16, 2026, 11:05:34 AM","-","20.37","-","-","26.68","-"
"MDC-Prod","Apr 16, 2026, 7:00:00 PM","19.63","-","-","26.88","-","-"
"MDC-Prod","Apr 17, 2026, 11:03:41 AM","-","20.48","-","-","26.81","-"
"MDC-Prod","Apr 17, 2026, 7:00:00 PM","18.88","-","-","26.7","-","-"
"MDC-Prod","Apr 18, 2026, 11:06:55 AM","-","20.59","-","-","26.95","-"
"MDC-Prod","Apr 18, 2026, 7:00:00 PM","18.25","-","-","26.88","-","-"
"MDC-Prod","Apr 19, 2026, 11:04:59 AM","-","20.7","-","-","27.09","-"
"MDC-Prod","Apr 19, 2026, 7:00:00 PM","21.17","-","-","30.35","-","-"
"MDC-Prod","Apr 20, 2026, 11:03:29 AM","-","20.81","-","-","27.23","-"
"MDC-Prod","Apr 20, 2026, 7:00:00 PM","23.45","-","-","31.08","-","-"
"MDC-Prod","Apr 21, 2026, 11:06:43 AM","-","20.92","-","-","27.37","-"
"MDC-Prod","Apr 21, 2026, 7:00:00 PM","24.39","-","-","30.95","-","-"
"MDC-Prod","Apr 22, 2026, 11:04:59 AM","-","21.03","-","-","27.51","-"
"MDC-Prod","Apr 22, 2026, 7:00:00 PM","24.08","-","-","30.34","-","-"
"MDC-Prod","Apr 23, 2026, 11:03:18 AM","-","21.14","-","-","27.65","-"
"MDC-Prod","Apr 23, 2026, 7:00:00 PM","24.06","-","-","30.62","-","-"
"MDC-Prod","Apr 24, 2026, 11:06:26 AM","-","21.25","-","-","27.79","-"
"MDC-Prod","Apr 24, 2026, 7:00:00 PM","24.16","-","-","30.83","-","-"
"MDC-Prod","Apr 25, 2026, 11:04:46 AM","-","21.36","-","-","27.92","-"
"MDC-Prod","Apr 25, 2026, 7:00:00 PM","23.2","-","-","30.97","-","-"
"MDC-Prod","Apr 26, 2026, 11:03:00 AM","-","21.47","-","-","28.06","-"
"MDC-Prod","Apr 26, 2026, 7:00:00 PM","24.96","-","-","26.33","-","-"
"MDC-Prod","Apr 27, 2026, 11:06:06 AM","-","21.58","-","-","28.2","-"
"MDC-Prod","Apr 27, 2026, 7:00:00 PM","25.64","-","-","27.27","-","-"
"MDC-Prod","Apr 28, 2026, 11:04:12 AM","-","21.69","-","-","28.34","-"
"MDC-Prod","Apr 28, 2026, 7:00:00 PM","26.71","-","-","28.73","-","-"
"MDC-Prod","Apr 29, 2026, 11:07:23 AM","-","21.81","-","-","28.48","-"
"MDC-Prod","Apr 29, 2026, 7:00:00 PM","26.77","-","-","29.17","-","-"
"MDC-Prod","Apr 30, 2026, 10:05:14 AM","-","21.91","21.91","-","28.61","28.61"
"MDC-Prod","Apr 30, 2026, 7:00:00 PM","26.74","-","-","29.44","-","-"
"MDC-Prod","May 1, 2026, 10:05:14 AM","-","-","22.02","-","-","28.75"
"MDC-Prod","May 2, 2026, 10:05:14 AM","-","-","22.13","-","-","28.89"
"MDC-Prod","May 3, 2026, 10:05:14 AM","-","-","22.24","-","-","29.03"
"MDC-Prod","May 4, 2026, 10:05:14 AM","-","-","22.35","-","-","29.17"
"MDC-Prod","May 5, 2026, 10:05:14 AM","-","-","22.46","-","-","29.31"
"MDC-Sql","Oct 30, 2025, 7:00:00 PM","5.87","-","-","12.77","-","-"
"MDC-Sql","Oct 31, 2025, 7:00:00 PM","5.75","-","-","12.87","-","-"
"MDC-Sql","Nov 1, 2025, 7:00:00 PM","5.46","-","-","13.03","-","-"
"MDC-Sql","Nov 2, 2025, 7:00:00 PM","5.35","-","-","13.14","-","-"
"MDC-Sql","Nov 3, 2025, 7:00:00 PM","6.25","-","-","13.15","-","-"
"MDC-Sql","Nov 4, 2025, 7:00:00 PM","6.36","-","-","13.15","-","-"
"MDC-Sql","Nov 5, 2025, 7:00:00 PM","6.15","-","-","13.17","-","-"
"MDC-Sql","Nov 6, 2025, 7:00:00 PM","6.01","-","-","13.06","-","-"
"MDC-Sql","Nov 7, 2025, 7:00:00 PM","5.88","-","-","13.05","-","-"
"MDC-Sql","Nov 8, 2025, 7:00:00 PM","5.49","-","-","13.05","-","-"
"MDC-Sql","Nov 9, 2025, 7:00:00 PM","5.24","-","-","13.06","-","-"
"MDC-Sql","Nov 10, 2025, 7:00:00 PM","6.42","-","-","13.06","-","-"
"MDC-Sql","Nov 11, 2025, 7:00:00 PM","6.25","-","-","13.04","-","-"
"MDC-Sql","Nov 12, 2025, 7:00:00 PM","6.39","-","-","13.09","-","-"
"MDC-Sql","Nov 13, 2025, 7:00:00 PM","6.06","-","-","13.09","-","-"
"MDC-Sql","Nov 14, 2025, 7:00:00 PM","6.37","-","-","13.1","-","-"
"MDC-Sql","Nov 15, 2025, 7:00:00 PM","5.78","-","-","13.13","-","-"
"MDC-Sql","Nov 16, 2025, 7:00:00 PM","5.93","-","-","13.93","-","-"
"MDC-Sql","Nov 17, 2025, 7:00:00 PM","6.9","-","-","14.07","-","-"
"MDC-Sql","Nov 18, 2025, 7:00:00 PM","7.33","-","-","14.09","-","-"
"MDC-Sql","Nov 19, 2025, 7:00:00 PM","6.61","-","-","14.21","-","-"
"MDC-Sql","Nov 20, 2025, 7:00:00 PM","6.49","-","-","14.29","-","-"
"MDC-Sql","Nov 21, 2025, 7:00:00 PM","6.62","-","-","14.3","-","-"
"MDC-Sql","Nov 22, 2025, 7:00:00 PM","6.28","-","-","14.32","-","-"
"MDC-Sql","Nov 23, 2025, 7:00:00 PM","6.43","-","-","11.77","-","-"
"MDC-Sql","Nov 24, 2025, 7:00:00 PM","6.03","-","-","13.21","-","-"
"MDC-Sql","Nov 25, 2025, 7:00:00 PM","6.15","-","-","13.67","-","-"
"MDC-Sql","Nov 26, 2025, 7:00:00 PM","5.92","-","-","13.79","-","-"
"MDC-Sql","Nov 27, 2025, 7:00:00 PM","5.64","-","-","13.87","-","-"
"MDC-Sql","Nov 28, 2025, 7:00:00 PM","5.8","-","-","13.93","-","-"
"MDC-Sql","Nov 29, 2025, 7:00:00 PM","5.83","-","-","13.97","-","-"
"MDC-Sql","Nov 30, 2025, 7:00:00 PM","5.57","-","-","14.01","-","-"
"MDC-Sql","Dec 1, 2025, 7:00:00 PM","6.39","-","-","14.03","-","-"
"MDC-Sql","Dec 2, 2025, 7:00:00 PM","6.85","-","-","14.05","-","-"
"MDC-Sql","Dec 3, 2025, 7:00:00 PM","6.5","-","-","14.01","-","-"
"MDC-Sql","Dec 4, 2025, 7:00:00 PM","6.6","-","-","14.11","-","-"
"MDC-Sql","Dec 5, 2025, 7:00:00 PM","6.69","-","-","14.12","-","-"
"MDC-Sql","Dec 6, 2025, 7:00:00 PM","6.34","-","-","13.98","-","-"
"MDC-Sql","Dec 7, 2025, 7:00:00 PM","5.8","-","-","14.09","-","-"
"MDC-Sql","Dec 8, 2025, 7:00:00 PM","6.33","-","-","14.14","-","-"
"MDC-Sql","Dec 9, 2025, 7:00:00 PM","6.41","-","-","14.2","-","-"
"MDC-Sql","Dec 10, 2025, 7:00:00 PM","6.84","-","-","14.26","-","-"
"MDC-Sql","Dec 11, 2025, 7:00:00 PM","7.05","-","-","14.28","-","-"
"MDC-Sql","Dec 12, 2025, 7:00:00 PM","6.57","-","-","14.3","-","-"
"MDC-Sql","Dec 13, 2025, 7:00:00 PM","6.16","-","-","14.33","-","-"
"MDC-Sql","Dec 14, 2025, 7:00:00 PM","6","-","-","14.33","-","-"
"MDC-Sql","Dec 15, 2025, 7:00:00 PM","6.56","-","-","14.33","-","-"
"MDC-Sql","Dec 16, 2025, 7:00:00 PM","7.24","-","-","14.47","-","-"
"MDC-Sql","Dec 17, 2025, 7:00:00 PM","6.95","-","-","14.59","-","-"
"MDC-Sql","Dec 18, 2025, 7:00:00 PM","7.06","-","-","14.69","-","-"
"MDC-Sql","Dec 19, 2025, 7:00:00 PM","7.24","-","-","15.33","-","-"
"MDC-Sql","Dec 20, 2025, 7:00:00 PM","6.65","-","-","15.64","-","-"
"MDC-Sql","Dec 21, 2025, 7:00:00 PM","6.88","-","-","12.67","-","-"
"MDC-Sql","Dec 22, 2025, 7:00:00 PM","6.48","-","-","14.44","-","-"
"MDC-Sql","Dec 23, 2025, 7:00:00 PM","6.45","-","-","15.14","-","-"
"MDC-Sql","Dec 24, 2025, 7:00:00 PM","6.34","-","-","15.26","-","-"
"MDC-Sql","Dec 25, 2025, 7:00:00 PM","6.1","-","-","15.35","-","-"
"MDC-Sql","Dec 26, 2025, 7:00:00 PM","6.32","-","-","15.43","-","-"
"MDC-Sql","Dec 27, 2025, 7:00:00 PM","6.32","-","-","15.47","-","-"
"MDC-Sql","Dec 28, 2025, 7:00:00 PM","5.97","-","-","15.53","-","-"
"MDC-Sql","Dec 29, 2025, 7:00:00 PM","6.44","-","-","15.55","-","-"
"MDC-Sql","Dec 30, 2025, 7:00:00 PM","6.55","-","-","15.58","-","-"
"MDC-Sql","Dec 31, 2025, 7:00:00 PM","6.53","-","-","15.61","-","-"
"MDC-Sql","Jan 1, 2026, 7:00:00 PM","6.19","-","-","15.64","-","-"
"MDC-Sql","Jan 2, 2026, 7:00:00 PM","6.57","-","-","15.66","-","-"
"MDC-Sql","Jan 3, 2026, 7:00:00 PM","6.72","-","-","15.71","-","-"
"MDC-Sql","Jan 4, 2026, 7:00:00 PM","6.42","-","-","15.81","-","-"
"MDC-Sql","Jan 5, 2026, 7:00:00 PM","7.95","-","-","15.91","-","-"
"MDC-Sql","Jan 6, 2026, 7:00:00 PM","7.7","-","-","15.97","-","-"
"MDC-Sql","Jan 7, 2026, 7:00:00 PM","8.11","-","-","16.02","-","-"
"MDC-Sql","Jan 8, 2026, 7:00:00 PM","9.13","-","-","16.3","-","-"
"MDC-Sql","Jan 9, 2026, 7:00:00 PM","9.25","-","-","16.32","-","-"
"MDC-Sql","Jan 10, 2026, 7:00:00 PM","8.61","-","-","16.37","-","-"
"MDC-Sql","Jan 11, 2026, 7:00:00 PM","7.99","-","-","16.39","-","-"
"MDC-Sql","Jan 12, 2026, 7:00:00 PM","7.78","-","-","16.39","-","-"
"MDC-Sql","Jan 13, 2026, 7:00:00 PM","7.48","-","-","16.4","-","-"
"MDC-Sql","Jan 14, 2026, 7:00:00 PM","7.75","-","-","16.47","-","-"
"MDC-Sql","Jan 15, 2026, 7:00:00 PM","7.55","-","-","16.51","-","-"
"MDC-Sql","Jan 16, 2026, 7:00:00 PM","7.74","-","-","16.54","-","-"
"MDC-Sql","Jan 17, 2026, 7:00:00 PM","7.44","-","-","16.55","-","-"
"MDC-Sql","Jan 18, 2026, 7:00:00 PM","8.92","-","-","16.58","-","-"
"MDC-Sql","Jan 19, 2026, 7:00:00 PM","10.3","-","-","16.61","-","-"
"MDC-Sql","Jan 20, 2026, 7:00:00 PM","10.65","-","-","16.61","-","-"
"MDC-Sql","Jan 21, 2026, 7:00:00 PM","10.88","-","-","16.65","-","-"
"MDC-Sql","Jan 22, 2026, 7:00:00 PM","10.67","-","-","16.75","-","-"
"MDC-Sql","Jan 23, 2026, 7:00:00 PM","10.97","-","-","16.64","-","-"
"MDC-Sql","Jan 24, 2026, 7:00:00 PM","10.76","-","-","16.65","-","-"
"MDC-Sql","Jan 25, 2026, 7:00:00 PM","10.56","-","-","13.88","-","-"
"MDC-Sql","Jan 26, 2026, 7:00:00 PM","10.62","-","-","15.18","-","-"
"MDC-Sql","Jan 27, 2026, 7:00:00 PM","10.73","-","-","15.65","-","-"
"MDC-Sql","Jan 28, 2026, 7:00:00 PM","11.06","-","-","16.05","-","-"
"MDC-Sql","Jan 29, 2026, 7:00:00 PM","10.49","-","-","16.12","-","-"
"MDC-Sql","Jan 30, 2026, 11:05:14 AM","-","10.16","-","-","17.27","-"
"MDC-Sql","Jan 30, 2026, 7:00:00 PM","10.36","-","-","16.2","-","-"
"MDC-Sql","Jan 31, 2026, 11:07:07 AM","-","10.2","-","-","17.34","-"
"MDC-Sql","Jan 31, 2026, 7:00:00 PM","10.41","-","-","16.37","-","-"
"MDC-Sql","Feb 1, 2026, 11:04:34 AM","-","10.24","-","-","17.42","-"
"MDC-Sql","Feb 1, 2026, 7:00:00 PM","10.27","-","-","16.42","-","-"
"MDC-Sql","Feb 2, 2026, 11:06:48 AM","-","10.28","-","-","17.49","-"
"MDC-Sql","Feb 2, 2026, 7:00:00 PM","11.3","-","-","16.44","-","-"
"MDC-Sql","Feb 3, 2026, 11:03:59 AM","-","10.32","-","-","17.57","-"
"MDC-Sql","Feb 3, 2026, 7:00:00 PM","11.56","-","-","16.45","-","-"
"MDC-Sql","Feb 4, 2026, 11:05:57 AM","-","10.36","-","-","17.65","-"
"MDC-Sql","Feb 4, 2026, 7:00:00 PM","11.22","-","-","16.48","-","-"
"MDC-Sql","Feb 5, 2026, 11:03:00 AM","-","10.4","-","-","17.72","-"
"MDC-Sql","Feb 5, 2026, 7:00:00 PM","10.94","-","-","16.52","-","-"
"MDC-Sql","Feb 6, 2026, 11:05:03 AM","-","10.44","-","-","17.8","-"
"MDC-Sql","Feb 6, 2026, 7:00:00 PM","11.27","-","-","16.56","-","-"
"MDC-Sql","Feb 7, 2026, 11:07:10 AM","-","10.48","-","-","17.88","-"
"MDC-Sql","Feb 7, 2026, 7:00:00 PM","10.81","-","-","16.77","-","-"
"MDC-Sql","Feb 8, 2026, 11:04:21 AM","-","10.52","-","-","17.95","-"
"MDC-Sql","Feb 8, 2026, 7:00:00 PM","10.53","-","-","17.35","-","-"
"MDC-Sql","Feb 9, 2026, 11:06:36 AM","-","10.56","-","-","18.03","-"
"MDC-Sql","Feb 9, 2026, 7:00:00 PM","11.47","-","-","17.37","-","-"
"MDC-Sql","Feb 10, 2026, 11:03:43 AM","-","10.6","-","-","18.1","-"
"MDC-Sql","Feb 10, 2026, 7:00:00 PM","11.38","-","-","18.29","-","-"
"MDC-Sql","Feb 11, 2026, 11:05:48 AM","-","10.64","-","-","18.18","-"
"MDC-Sql","Feb 11, 2026, 7:00:00 PM","11.36","-","-","18.43","-","-"
"MDC-Sql","Feb 12, 2026, 11:07:43 AM","-","10.68","-","-","18.26","-"
"MDC-Sql","Feb 12, 2026, 7:00:00 PM","11.34","-","-","19.29","-","-"
"MDC-Sql","Feb 13, 2026, 11:04:48 AM","-","10.71","-","-","18.33","-"
"MDC-Sql","Feb 13, 2026, 7:00:00 PM","11.83","-","-","18.86","-","-"
"MDC-Sql","Feb 14, 2026, 11:06:51 AM","-","10.75","-","-","18.41","-"
"MDC-Sql","Feb 14, 2026, 7:00:00 PM","11.13","-","-","19","-","-"
"MDC-Sql","Feb 15, 2026, 11:03:53 AM","-","10.79","-","-","18.48","-"
"MDC-Sql","Feb 15, 2026, 7:00:00 PM","10.42","-","-","19.07","-","-"
"MDC-Sql","Feb 16, 2026, 11:06:01 AM","-","10.83","-","-","18.56","-"
"MDC-Sql","Feb 16, 2026, 7:00:00 PM","10.76","-","-","19.13","-","-"
"MDC-Sql","Feb 17, 2026, 11:03:09 AM","-","10.87","-","-","18.64","-"
"MDC-Sql","Feb 17, 2026, 7:00:00 PM","10.7","-","-","19.23","-","-"
"MDC-Sql","Feb 18, 2026, 11:05:14 AM","-","10.91","-","-","18.71","-"
"MDC-Sql","Feb 18, 2026, 7:00:00 PM","11.64","-","-","19.5","-","-"
"MDC-Sql","Feb 19, 2026, 11:06:56 AM","-","10.95","-","-","18.79","-"
"MDC-Sql","Feb 19, 2026, 7:00:00 PM","11.74","-","-","19.69","-","-"
"MDC-Sql","Feb 20, 2026, 11:04:11 AM","-","10.99","-","-","18.86","-"
"MDC-Sql","Feb 20, 2026, 7:00:00 PM","11.84","-","-","19.66","-","-"
"MDC-Sql","Feb 21, 2026, 11:06:40 AM","-","11.03","-","-","18.94","-"
"MDC-Sql","Feb 21, 2026, 7:00:00 PM","11.29","-","-","19.7","-","-"
"MDC-Sql","Feb 22, 2026, 11:04:28 AM","-","11.07","-","-","19.02","-"
"MDC-Sql","Feb 22, 2026, 7:00:00 PM","11.49","-","-","16.51","-","-"
"MDC-Sql","Feb 23, 2026, 11:07:13 AM","-","11.11","-","-","19.09","-"
"MDC-Sql","Feb 23, 2026, 7:00:00 PM","11.22","-","-","18.47","-","-"
"MDC-Sql","Feb 24, 2026, 11:04:53 AM","-","11.15","-","-","19.17","-"
"MDC-Sql","Feb 24, 2026, 7:00:00 PM","11.41","-","-","19.16","-","-"
"MDC-Sql","Feb 25, 2026, 11:07:41 AM","-","11.19","-","-","19.24","-"
"MDC-Sql","Feb 25, 2026, 7:00:00 PM","11.57","-","-","19.78","-","-"
"MDC-Sql","Feb 26, 2026, 11:05:36 AM","-","11.23","-","-","19.32","-"
"MDC-Sql","Feb 26, 2026, 7:00:00 PM","11.5","-","-","20.02","-","-"
"MDC-Sql","Feb 27, 2026, 11:03:14 AM","-","11.27","-","-","19.4","-"
"MDC-Sql","Feb 27, 2026, 7:00:00 PM","11.28","-","-","20.27","-","-"
"MDC-Sql","Feb 28, 2026, 11:06:26 AM","-","11.31","-","-","19.47","-"
"MDC-Sql","Feb 28, 2026, 7:00:00 PM","10.94","-","-","20.49","-","-"
"MDC-Sql","Mar 1, 2026, 11:04:10 AM","-","11.35","-","-","19.55","-"
"MDC-Sql","Mar 1, 2026, 7:00:00 PM","10.54","-","-","20.17","-","-"
"MDC-Sql","Mar 2, 2026, 11:07:13 AM","-","11.39","-","-","19.62","-"
"MDC-Sql","Mar 2, 2026, 7:00:00 PM","11.33","-","-","20.46","-","-"
"MDC-Sql","Mar 3, 2026, 11:05:14 AM","-","11.43","-","-","19.7","-"
"MDC-Sql","Mar 3, 2026, 7:00:00 PM","11.72","-","-","20.61","-","-"
"MDC-Sql","Mar 4, 2026, 11:03:33 AM","-","11.47","-","-","19.78","-"
"MDC-Sql","Mar 4, 2026, 7:00:00 PM","11.71","-","-","20.62","-","-"
"MDC-Sql","Mar 5, 2026, 11:06:48 AM","-","11.5","-","-","19.85","-"
"MDC-Sql","Mar 5, 2026, 7:00:00 PM","11.46","-","-","20.63","-","-"
"MDC-Sql","Mar 6, 2026, 11:04:41 AM","-","11.54","-","-","19.93","-"
"MDC-Sql","Mar 6, 2026, 7:00:00 PM","12.33","-","-","20.65","-","-"
"MDC-Sql","Mar 7, 2026, 11:07:41 AM","-","11.58","-","-","20","-"
"MDC-Sql","Mar 7, 2026, 7:00:00 PM","11.77","-","-","20.66","-","-"
"MDC-Sql","Mar 8, 2026, 11:05:59 AM","-","11.62","-","-","20.08","-"
"MDC-Sql","Mar 8, 2026, 7:00:00 PM","11.25","-","-","20.74","-","-"
"MDC-Sql","Mar 9, 2026, 11:04:20 AM","-","11.66","-","-","20.16","-"
"MDC-Sql","Mar 9, 2026, 7:00:00 PM","11.91","-","-","20.77","-","-"
"MDC-Sql","Mar 10, 2026, 11:02:46 AM","-","11.7","-","-","20.23","-"
"MDC-Sql","Mar 10, 2026, 7:00:00 PM","11.95","-","-","20.77","-","-"
"MDC-Sql","Mar 11, 2026, 11:06:09 AM","-","11.74","-","-","20.31","-"
"MDC-Sql","Mar 11, 2026, 7:00:00 PM","12.57","-","-","20.8","-","-"
"MDC-Sql","Mar 12, 2026, 11:04:09 AM","-","11.78","-","-","20.38","-"
"MDC-Sql","Mar 12, 2026, 7:00:00 PM","12.29","-","-","20.81","-","-"
"MDC-Sql","Mar 13, 2026, 11:07:18 AM","-","11.82","-","-","20.46","-"
"MDC-Sql","Mar 13, 2026, 7:00:00 PM","12.8","-","-","20.84","-","-"
"MDC-Sql","Mar 14, 2026, 11:05:23 AM","-","11.86","-","-","20.54","-"
"MDC-Sql","Mar 14, 2026, 7:00:00 PM","12.3","-","-","20.86","-","-"
"MDC-Sql","Mar 15, 2026, 11:03:33 AM","-","11.9","-","-","20.61","-"
"MDC-Sql","Mar 15, 2026, 7:00:00 PM","11.09","-","-","20.93","-","-"
"MDC-Sql","Mar 16, 2026, 11:06:28 AM","-","11.94","-","-","20.69","-"
"MDC-Sql","Mar 16, 2026, 7:00:00 PM","11.69","-","-","20.94","-","-"
"MDC-Sql","Mar 17, 2026, 11:04:26 AM","-","11.98","-","-","20.77","-"
"MDC-Sql","Mar 17, 2026, 7:00:00 PM","11.73","-","-","20.95","-","-"
"MDC-Sql","Mar 18, 2026, 11:07:32 AM","-","12.02","-","-","20.84","-"
"MDC-Sql","Mar 18, 2026, 7:00:00 PM","11.76","-","-","20.96","-","-"
"MDC-Sql","Mar 19, 2026, 11:05:30 AM","-","12.06","-","-","20.92","-"
"MDC-Sql","Mar 19, 2026, 7:00:00 PM","11.89","-","-","20.96","-","-"
"MDC-Sql","Mar 20, 2026, 11:03:39 AM","-","12.1","-","-","20.99","-"
"MDC-Sql","Mar 20, 2026, 7:00:00 PM","11.71","-","-","20.96","-","-"
"MDC-Sql","Mar 21, 2026, 11:06:53 AM","-","12.14","-","-","21.07","-"
"MDC-Sql","Mar 21, 2026, 7:00:00 PM","9.11","-","-","20.96","-","-"
"MDC-Sql","Mar 22, 2026, 11:04:48 AM","-","12.18","-","-","21.15","-"
"MDC-Sql","Mar 22, 2026, 7:00:00 PM","9.71","-","-","16.76","-","-"
"MDC-Sql","Mar 23, 2026, 11:03:02 AM","-","12.22","-","-","21.22","-"
"MDC-Sql","Mar 23, 2026, 7:00:00 PM","8.93","-","-","19.08","-","-"
"MDC-Sql","Mar 24, 2026, 11:06:12 AM","-","12.26","-","-","21.3","-"
"MDC-Sql","Mar 24, 2026, 7:00:00 PM","9.36","-","-","19.84","-","-"
"MDC-Sql","Mar 25, 2026, 11:04:18 AM","-","12.29","-","-","21.37","-"
"MDC-Sql","Mar 25, 2026, 7:00:00 PM","9.95","-","-","20.1","-","-"
"MDC-Sql","Mar 26, 2026, 11:07:39 AM","-","12.33","-","-","21.45","-"
"MDC-Sql","Mar 26, 2026, 7:00:00 PM","9.15","-","-","20.3","-","-"
"MDC-Sql","Mar 27, 2026, 11:05:47 AM","-","12.37","-","-","21.53","-"
"MDC-Sql","Mar 27, 2026, 7:00:00 PM","9.07","-","-","20.45","-","-"
"MDC-Sql","Mar 28, 2026, 11:04:02 AM","-","12.41","-","-","21.6","-"
"MDC-Sql","Mar 28, 2026, 7:00:00 PM","8.71","-","-","20.68","-","-"
"MDC-Sql","Mar 29, 2026, 11:07:16 AM","-","12.45","-","-","21.68","-"
"MDC-Sql","Mar 29, 2026, 7:00:00 PM","9.15","-","-","22.62","-","-"
"MDC-Sql","Mar 30, 2026, 11:05:28 AM","-","12.49","-","-","21.75","-"
"MDC-Sql","Mar 30, 2026, 7:00:00 PM","11.32","-","-","22.71","-","-"
"MDC-Sql","Mar 31, 2026, 11:03:25 AM","-","12.53","-","-","21.83","-"
"MDC-Sql","Mar 31, 2026, 7:00:00 PM","12.08","-","-","22.92","-","-"
"MDC-Sql","Apr 1, 2026, 11:06:22 AM","-","12.57","-","-","21.91","-"
"MDC-Sql","Apr 1, 2026, 7:00:00 PM","12.89","-","-","22.82","-","-"
"MDC-Sql","Apr 2, 2026, 11:04:37 AM","-","12.61","-","-","21.98","-"
"MDC-Sql","Apr 2, 2026, 7:00:00 PM","12.68","-","-","23.06","-","-"
"MDC-Sql","Apr 3, 2026, 11:02:50 AM","-","12.65","-","-","22.06","-"
"MDC-Sql","Apr 3, 2026, 7:00:00 PM","12.18","-","-","22.8","-","-"
"MDC-Sql","Apr 4, 2026, 11:06:10 AM","-","12.69","-","-","22.13","-"
"MDC-Sql","Apr 4, 2026, 7:00:00 PM","11.26","-","-","22.81","-","-"
"MDC-Sql","Apr 5, 2026, 11:04:23 AM","-","12.73","-","-","22.21","-"
"MDC-Sql","Apr 5, 2026, 7:00:00 PM","9.84","-","-","22.82","-","-"
"MDC-Sql","Apr 6, 2026, 11:02:44 AM","-","12.77","-","-","22.29","-"
"MDC-Sql","Apr 6, 2026, 7:00:00 PM","11.64","-","-","22.84","-","-"
"MDC-Sql","Apr 7, 2026, 11:05:54 AM","-","12.81","-","-","22.36","-"
"MDC-Sql","Apr 7, 2026, 7:00:00 PM","12.78","-","-","22.87","-","-"
"MDC-Sql","Apr 8, 2026, 11:04:25 AM","-","12.85","-","-","22.44","-"
"MDC-Sql","Apr 8, 2026, 7:00:00 PM","12.4","-","-","23","-","-"
"MDC-Sql","Apr 9, 2026, 11:02:53 AM","-","12.89","-","-","22.51","-"
"MDC-Sql","Apr 9, 2026, 7:00:00 PM","13","-","-","23","-","-"
"MDC-Sql","Apr 10, 2026, 11:06:18 AM","-","12.93","-","-","22.59","-"
"MDC-Sql","Apr 10, 2026, 7:00:00 PM","12.26","-","-","23.01","-","-"
"MDC-Sql","Apr 11, 2026, 11:04:11 AM","-","12.97","-","-","22.67","-"
"MDC-Sql","Apr 11, 2026, 7:00:00 PM","11","-","-","23.01","-","-"
"MDC-Sql","Apr 12, 2026, 11:07:22 AM","-","13.01","-","-","22.74","-"
"MDC-Sql","Apr 12, 2026, 7:00:00 PM","10.32","-","-","23.02","-","-"
"MDC-Sql","Apr 13, 2026, 11:05:31 AM","-","13.05","-","-","22.82","-"
"MDC-Sql","Apr 13, 2026, 7:00:00 PM","11.98","-","-","23.02","-","-"
"MDC-Sql","Apr 14, 2026, 11:03:55 AM","-","13.09","-","-","22.89","-"
"MDC-Sql","Apr 14, 2026, 7:00:00 PM","14.84","-","-","23.05","-","-"
"MDC-Sql","Apr 15, 2026, 11:07:17 AM","-","13.12","-","-","22.97","-"
"MDC-Sql","Apr 15, 2026, 7:00:00 PM","14.59","-","-","23.08","-","-"
"MDC-Sql","Apr 16, 2026, 11:05:34 AM","-","13.16","-","-","23.05","-"
"MDC-Sql","Apr 16, 2026, 7:00:00 PM","14.35","-","-","23.08","-","-"
"MDC-Sql","Apr 17, 2026, 11:03:41 AM","-","13.2","-","-","23.12","-"
"MDC-Sql","Apr 17, 2026, 7:00:00 PM","14.99","-","-","23.08","-","-"
"MDC-Sql","Apr 18, 2026, 11:06:55 AM","-","13.24","-","-","23.2","-"
"MDC-Sql","Apr 18, 2026, 7:00:00 PM","13.31","-","-","23.1","-","-"
"MDC-Sql","Apr 19, 2026, 11:04:59 AM","-","13.28","-","-","23.27","-"
"MDC-Sql","Apr 19, 2026, 7:00:00 PM","12.74","-","-","23.47","-","-"
"MDC-Sql","Apr 20, 2026, 11:03:29 AM","-","13.32","-","-","23.35","-"
"MDC-Sql","Apr 20, 2026, 7:00:00 PM","14.7","-","-","23.5","-","-"
"MDC-Sql","Apr 21, 2026, 11:06:43 AM","-","13.36","-","-","23.43","-"
"MDC-Sql","Apr 21, 2026, 7:00:00 PM","15.24","-","-","23.52","-","-"
"MDC-Sql","Apr 22, 2026, 11:04:59 AM","-","13.4","-","-","23.5","-"
"MDC-Sql","Apr 22, 2026, 7:00:00 PM","16.76","-","-","23.52","-","-"
"MDC-Sql","Apr 23, 2026, 11:03:18 AM","-","13.44","-","-","23.58","-"
"MDC-Sql","Apr 23, 2026, 7:00:00 PM","16.31","-","-","23.62","-","-"
"MDC-Sql","Apr 24, 2026, 11:06:26 AM","-","13.48","-","-","23.66","-"
"MDC-Sql","Apr 24, 2026, 7:00:00 PM","15.82","-","-","23.65","-","-"
"MDC-Sql","Apr 25, 2026, 11:04:46 AM","-","13.52","-","-","23.73","-"
"MDC-Sql","Apr 25, 2026, 7:00:00 PM","14.52","-","-","23.65","-","-"
"MDC-Sql","Apr 26, 2026, 11:03:00 AM","-","13.56","-","-","23.81","-"
"MDC-Sql","Apr 26, 2026, 7:00:00 PM","14.17","-","-","20.5","-","-"
"MDC-Sql","Apr 27, 2026, 11:06:06 AM","-","13.6","-","-","23.88","-"
"MDC-Sql","Apr 27, 2026, 7:00:00 PM","15.62","-","-","22.71","-","-"
"MDC-Sql","Apr 28, 2026, 11:04:12 AM","-","13.64","-","-","23.96","-"
"MDC-Sql","Apr 28, 2026, 7:00:00 PM","15.6","-","-","23.2","-","-"
"MDC-Sql","Apr 29, 2026, 11:07:23 AM","-","13.68","-","-","24.04","-"
"MDC-Sql","Apr 29, 2026, 7:00:00 PM","16.14","-","-","23.36","-","-"
"MDC-Sql","Apr 30, 2026, 10:05:14 AM","-","13.72","13.72","-","24.11","24.11"
"MDC-Sql","Apr 30, 2026, 7:00:00 PM","15.96","-","-","23.47","-","-"
"MDC-Sql","May 1, 2026, 10:05:14 AM","-","-","13.76","-","-","24.18"
"MDC-Sql","May 2, 2026, 10:05:14 AM","-","-","13.79","-","-","24.26"
"MDC-Sql","May 3, 2026, 10:05:14 AM","-","-","13.83","-","-","24.34"
"MDC-Sql","May 4, 2026, 10:05:14 AM","-","-","13.87","-","-","24.41"
"MDC-Sql","May 5, 2026, 10:05:14 AM","-","-","13.91","-","-","24.49"
"MDC-Mgmt","Oct 30, 2025, 7:00:00 PM","19.05","-","-","19.66","-","-"
"MDC-Mgmt","Oct 31, 2025, 7:00:00 PM","18.72","-","-","19.73","-","-"
"MDC-Mgmt","Nov 1, 2025, 7:00:00 PM","18.66","-","-","19.79","-","-"
"MDC-Mgmt","Nov 2, 2025, 7:00:00 PM","18.9","-","-","19.89","-","-"
"MDC-Mgmt","Nov 3, 2025, 7:00:00 PM","19.38","-","-","19.96","-","-"
"MDC-Mgmt","Nov 4, 2025, 7:00:00 PM","19.43","-","-","20.06","-","-"
"MDC-Mgmt","Nov 5, 2025, 7:00:00 PM","19.06","-","-","20.09","-","-"
"MDC-Mgmt","Nov 6, 2025, 7:00:00 PM","19.11","-","-","20.08","-","-"
"MDC-Mgmt","Nov 7, 2025, 7:00:00 PM","19.74","-","-","20.58","-","-"
"MDC-Mgmt","Nov 8, 2025, 7:00:00 PM","19.38","-","-","20.68","-","-"
"MDC-Mgmt","Nov 9, 2025, 7:00:00 PM","19.4","-","-","20.69","-","-"
"MDC-Mgmt","Nov 10, 2025, 7:00:00 PM","19.8","-","-","20.7","-","-"
"MDC-Mgmt","Nov 11, 2025, 7:00:00 PM","19.4","-","-","20.7","-","-"
"MDC-Mgmt","Nov 12, 2025, 7:00:00 PM","20.02","-","-","20.74","-","-"
"MDC-Mgmt","Nov 13, 2025, 7:00:00 PM","19.85","-","-","20.8","-","-"
"MDC-Mgmt","Nov 14, 2025, 7:00:00 PM","19.72","-","-","20.4","-","-"
"MDC-Mgmt","Nov 15, 2025, 7:00:00 PM","19.56","-","-","20.43","-","-"
"MDC-Mgmt","Nov 16, 2025, 7:00:00 PM","18.89","-","-","20.44","-","-"
"MDC-Mgmt","Nov 17, 2025, 7:00:00 PM","18.27","-","-","20.32","-","-"
"MDC-Mgmt","Nov 18, 2025, 7:00:00 PM","17.72","-","-","20.11","-","-"
"MDC-Mgmt","Nov 19, 2025, 7:00:00 PM","18.11","-","-","20.45","-","-"
"MDC-Mgmt","Nov 20, 2025, 7:00:00 PM","19.98","-","-","20.39","-","-"
"MDC-Mgmt","Nov 21, 2025, 7:00:00 PM","19.41","-","-","20.47","-","-"
"MDC-Mgmt","Nov 22, 2025, 7:00:00 PM","19.16","-","-","20.48","-","-"
"MDC-Mgmt","Nov 23, 2025, 7:00:00 PM","19.18","-","-","19.58","-","-"
"MDC-Mgmt","Nov 24, 2025, 7:00:00 PM","18.94","-","-","19.58","-","-"
"MDC-Mgmt","Nov 25, 2025, 7:00:00 PM","19.2","-","-","19.83","-","-"
"MDC-Mgmt","Nov 26, 2025, 7:00:00 PM","19.21","-","-","19.96","-","-"
"MDC-Mgmt","Nov 27, 2025, 7:00:00 PM","18.86","-","-","19.97","-","-"
"MDC-Mgmt","Nov 28, 2025, 7:00:00 PM","19.01","-","-","20.03","-","-"
"MDC-Mgmt","Nov 29, 2025, 7:00:00 PM","18.87","-","-","20.1","-","-"
"MDC-Mgmt","Nov 30, 2025, 7:00:00 PM","18.77","-","-","20.12","-","-"
"MDC-Mgmt","Dec 1, 2025, 7:00:00 PM","19.36","-","-","20.16","-","-"
"MDC-Mgmt","Dec 2, 2025, 7:00:00 PM","18.41","-","-","20.19","-","-"
"MDC-Mgmt","Dec 3, 2025, 7:00:00 PM","18.03","-","-","20.24","-","-"
"MDC-Mgmt","Dec 4, 2025, 7:00:00 PM","18.14","-","-","20.26","-","-"
"MDC-Mgmt","Dec 5, 2025, 7:00:00 PM","18.03","-","-","20.28","-","-"
"MDC-Mgmt","Dec 6, 2025, 7:00:00 PM","17.56","-","-","20.24","-","-"
"MDC-Mgmt","Dec 7, 2025, 7:00:00 PM","17.67","-","-","20.24","-","-"
"MDC-Mgmt","Dec 8, 2025, 7:00:00 PM","18.33","-","-","20.26","-","-"
"MDC-Mgmt","Dec 9, 2025, 7:00:00 PM","18.34","-","-","20.27","-","-"
"MDC-Mgmt","Dec 10, 2025, 7:00:00 PM","18.51","-","-","20.29","-","-"
"MDC-Mgmt","Dec 11, 2025, 7:00:00 PM","18.75","-","-","20.31","-","-"
"MDC-Mgmt","Dec 12, 2025, 7:00:00 PM","18.9","-","-","20.34","-","-"
"MDC-Mgmt","Dec 13, 2025, 7:00:00 PM","18.39","-","-","20.4","-","-"
"MDC-Mgmt","Dec 14, 2025, 7:00:00 PM","18.3","-","-","20.57","-","-"
"MDC-Mgmt","Dec 15, 2025, 7:00:00 PM","18.95","-","-","20.59","-","-"
"MDC-Mgmt","Dec 16, 2025, 7:00:00 PM","20.32","-","-","20.59","-","-"
"MDC-Mgmt","Dec 17, 2025, 7:00:00 PM","20.27","-","-","20.6","-","-"
"MDC-Mgmt","Dec 18, 2025, 7:00:00 PM","20.41","-","-","20.6","-","-"
"MDC-Mgmt","Dec 19, 2025, 7:00:00 PM","20.27","-","-","20.6","-","-"
"MDC-Mgmt","Dec 20, 2025, 7:00:00 PM","19.79","-","-","20.61","-","-"
"MDC-Mgmt","Dec 21, 2025, 7:00:00 PM","20.19","-","-","19.79","-","-"
"MDC-Mgmt","Dec 22, 2025, 7:00:00 PM","19.98","-","-","19.75","-","-"
"MDC-Mgmt","Dec 23, 2025, 7:00:00 PM","20.15","-","-","19.98","-","-"
"MDC-Mgmt","Dec 24, 2025, 7:00:00 PM","19.92","-","-","20.12","-","-"
"MDC-Mgmt","Dec 25, 2025, 7:00:00 PM","19.62","-","-","20.19","-","-"
"MDC-Mgmt","Dec 26, 2025, 7:00:00 PM","19.8","-","-","20.24","-","-"
"MDC-Mgmt","Dec 27, 2025, 7:00:00 PM","19.67","-","-","20.28","-","-"
"MDC-Mgmt","Dec 28, 2025, 7:00:00 PM","19.65","-","-","20.32","-","-"
"MDC-Mgmt","Dec 29, 2025, 7:00:00 PM","20","-","-","20.36","-","-"
"MDC-Mgmt","Dec 30, 2025, 7:00:00 PM","20.23","-","-","20.4","-","-"
"MDC-Mgmt","Dec 31, 2025, 7:00:00 PM","20.15","-","-","20.42","-","-"
"MDC-Mgmt","Jan 1, 2026, 7:00:00 PM","19.85","-","-","20.43","-","-"
"MDC-Mgmt","Jan 2, 2026, 7:00:00 PM","20.86","-","-","20.44","-","-"
"MDC-Mgmt","Jan 3, 2026, 7:00:00 PM","20.89","-","-","20.46","-","-"
"MDC-Mgmt","Jan 4, 2026, 7:00:00 PM","19.78","-","-","20.5","-","-"
"MDC-Mgmt","Jan 5, 2026, 7:00:00 PM","20.3","-","-","20.5","-","-"
"MDC-Mgmt","Jan 6, 2026, 7:00:00 PM","20.46","-","-","20.52","-","-"
"MDC-Mgmt","Jan 7, 2026, 7:00:00 PM","20.44","-","-","20.6","-","-"
"MDC-Mgmt","Jan 8, 2026, 7:00:00 PM","20.54","-","-","20.6","-","-"
"MDC-Mgmt","Jan 9, 2026, 7:00:00 PM","20.55","-","-","20.7","-","-"
"MDC-Mgmt","Jan 10, 2026, 7:00:00 PM","19.97","-","-","20.7","-","-"
"MDC-Mgmt","Jan 11, 2026, 7:00:00 PM","19.84","-","-","20.7","-","-"
"MDC-Mgmt","Jan 12, 2026, 7:00:00 PM","20.41","-","-","20.86","-","-"
"MDC-Mgmt","Jan 13, 2026, 7:00:00 PM","20.35","-","-","21.26","-","-"
"MDC-Mgmt","Jan 14, 2026, 7:00:00 PM","20.1","-","-","21.25","-","-"
"MDC-Mgmt","Jan 15, 2026, 7:00:00 PM","19.94","-","-","21.2","-","-"
"MDC-Mgmt","Jan 16, 2026, 7:00:00 PM","20.01","-","-","21.22","-","-"
"MDC-Mgmt","Jan 17, 2026, 7:00:00 PM","19.8","-","-","21.23","-","-"
"MDC-Mgmt","Jan 18, 2026, 7:00:00 PM","19.69","-","-","21.24","-","-"
"MDC-Mgmt","Jan 19, 2026, 7:00:00 PM","19.68","-","-","21.24","-","-"
"MDC-Mgmt","Jan 20, 2026, 7:00:00 PM","20.36","-","-","21.25","-","-"
"MDC-Mgmt","Jan 21, 2026, 7:00:00 PM","20.22","-","-","21.26","-","-"
"MDC-Mgmt","Jan 22, 2026, 7:00:00 PM","20.56","-","-","21.32","-","-"
"MDC-Mgmt","Jan 23, 2026, 7:00:00 PM","20.85","-","-","21.44","-","-"
"MDC-Mgmt","Jan 24, 2026, 7:00:00 PM","19.74","-","-","21.46","-","-"
"MDC-Mgmt","Jan 25, 2026, 7:00:00 PM","20.09","-","-","20.58","-","-"
"MDC-Mgmt","Jan 26, 2026, 7:00:00 PM","20.27","-","-","20.58","-","-"
"MDC-Mgmt","Jan 27, 2026, 7:00:00 PM","20.79","-","-","20.84","-","-"
"MDC-Mgmt","Jan 28, 2026, 7:00:00 PM","20.57","-","-","21.03","-","-"
"MDC-Mgmt","Jan 29, 2026, 7:00:00 PM","20.43","-","-","21.2","-","-"
"MDC-Mgmt","Jan 30, 2026, 11:05:14 AM","-","18.69","-","-","20.62","-"
"MDC-Mgmt","Jan 30, 2026, 7:00:00 PM","20.52","-","-","21.24","-","-"
"MDC-Mgmt","Jan 31, 2026, 11:07:07 AM","-","18.74","-","-","20.67","-"
"MDC-Mgmt","Jan 31, 2026, 7:00:00 PM","19.95","-","-","21.26","-","-"
"MDC-Mgmt","Feb 1, 2026, 11:04:34 AM","-","18.79","-","-","20.73","-"
"MDC-Mgmt","Feb 1, 2026, 7:00:00 PM","20.36","-","-","21.27","-","-"
"MDC-Mgmt","Feb 2, 2026, 11:06:48 AM","-","18.83","-","-","20.78","-"
"MDC-Mgmt","Feb 2, 2026, 7:00:00 PM","20.85","-","-","21.3","-","-"
"MDC-Mgmt","Feb 3, 2026, 11:03:59 AM","-","18.88","-","-","20.83","-"
"MDC-Mgmt","Feb 3, 2026, 7:00:00 PM","19.56","-","-","21.32","-","-"
"MDC-Mgmt","Feb 4, 2026, 11:05:57 AM","-","18.93","-","-","20.89","-"
"MDC-Mgmt","Feb 4, 2026, 7:00:00 PM","18.71","-","-","21.33","-","-"
"MDC-Mgmt","Feb 5, 2026, 11:03:00 AM","-","18.98","-","-","20.94","-"
"MDC-Mgmt","Feb 5, 2026, 7:00:00 PM","18.96","-","-","21.34","-","-"
"MDC-Mgmt","Feb 6, 2026, 11:05:03 AM","-","19.02","-","-","20.99","-"
"MDC-Mgmt","Feb 6, 2026, 7:00:00 PM","19.06","-","-","21.35","-","-"
"MDC-Mgmt","Feb 7, 2026, 11:07:10 AM","-","19.07","-","-","21.04","-"
"MDC-Mgmt","Feb 7, 2026, 7:00:00 PM","18.39","-","-","21.36","-","-"
"MDC-Mgmt","Feb 8, 2026, 11:04:21 AM","-","19.12","-","-","21.1","-"
"MDC-Mgmt","Feb 8, 2026, 7:00:00 PM","18.32","-","-","21.36","-","-"
"MDC-Mgmt","Feb 9, 2026, 11:06:36 AM","-","19.17","-","-","21.15","-"
"MDC-Mgmt","Feb 9, 2026, 7:00:00 PM","18.78","-","-","21.37","-","-"
"MDC-Mgmt","Feb 10, 2026, 11:03:43 AM","-","19.21","-","-","21.2","-"
"MDC-Mgmt","Feb 10, 2026, 7:00:00 PM","19.35","-","-","21.53","-","-"
"MDC-Mgmt","Feb 11, 2026, 11:05:48 AM","-","19.26","-","-","21.25","-"
"MDC-Mgmt","Feb 11, 2026, 7:00:00 PM","18.99","-","-","21.54","-","-"
"MDC-Mgmt","Feb 12, 2026, 11:07:43 AM","-","19.31","-","-","21.31","-"
"MDC-Mgmt","Feb 12, 2026, 7:00:00 PM","19.01","-","-","21.55","-","-"
"MDC-Mgmt","Feb 13, 2026, 11:04:48 AM","-","19.36","-","-","21.36","-"
"MDC-Mgmt","Feb 13, 2026, 7:00:00 PM","19.06","-","-","21.51","-","-"
"MDC-Mgmt","Feb 14, 2026, 11:06:51 AM","-","19.4","-","-","21.41","-"
"MDC-Mgmt","Feb 14, 2026, 7:00:00 PM","18.59","-","-","21.51","-","-"
"MDC-Mgmt","Feb 15, 2026, 11:03:53 AM","-","19.45","-","-","21.47","-"
"MDC-Mgmt","Feb 15, 2026, 7:00:00 PM","18.66","-","-","21.51","-","-"
"MDC-Mgmt","Feb 16, 2026, 11:06:01 AM","-","19.5","-","-","21.52","-"
"MDC-Mgmt","Feb 16, 2026, 7:00:00 PM","18.68","-","-","21.52","-","-"
"MDC-Mgmt","Feb 17, 2026, 11:03:09 AM","-","19.55","-","-","21.57","-"
"MDC-Mgmt","Feb 17, 2026, 7:00:00 PM","19.14","-","-","21.52","-","-"
"MDC-Mgmt","Feb 18, 2026, 11:05:14 AM","-","19.59","-","-","21.62","-"
"MDC-Mgmt","Feb 18, 2026, 7:00:00 PM","19.51","-","-","21.7","-","-"
"MDC-Mgmt","Feb 19, 2026, 11:06:56 AM","-","19.64","-","-","21.68","-"
"MDC-Mgmt","Feb 19, 2026, 7:00:00 PM","19.72","-","-","22.32","-","-"
"MDC-Mgmt","Feb 20, 2026, 11:04:11 AM","-","19.69","-","-","21.73","-"
"MDC-Mgmt","Feb 20, 2026, 7:00:00 PM","19.69","-","-","22.41","-","-"
"MDC-Mgmt","Feb 21, 2026, 11:06:40 AM","-","19.74","-","-","21.78","-"
"MDC-Mgmt","Feb 21, 2026, 7:00:00 PM","19.69","-","-","22.73","-","-"
"MDC-Mgmt","Feb 22, 2026, 11:04:28 AM","-","19.78","-","-","21.83","-"
"MDC-Mgmt","Feb 22, 2026, 7:00:00 PM","19.96","-","-","21.58","-","-"
"MDC-Mgmt","Feb 23, 2026, 11:07:13 AM","-","19.83","-","-","21.89","-"
"MDC-Mgmt","Feb 23, 2026, 7:00:00 PM","19.95","-","-","21.53","-","-"
"MDC-Mgmt","Feb 24, 2026, 11:04:53 AM","-","19.88","-","-","21.94","-"
"MDC-Mgmt","Feb 24, 2026, 7:00:00 PM","20.19","-","-","21.86","-","-"
"MDC-Mgmt","Feb 25, 2026, 11:07:41 AM","-","19.93","-","-","21.99","-"
"MDC-Mgmt","Feb 25, 2026, 7:00:00 PM","20.21","-","-","22.06","-","-"
"MDC-Mgmt","Feb 26, 2026, 11:05:36 AM","-","19.97","-","-","22.05","-"
"MDC-Mgmt","Feb 26, 2026, 7:00:00 PM","20.89","-","-","22.2","-","-"
"MDC-Mgmt","Feb 27, 2026, 11:03:14 AM","-","20.02","-","-","22.1","-"
"MDC-Mgmt","Feb 27, 2026, 7:00:00 PM","20.76","-","-","21.68","-","-"
"MDC-Mgmt","Feb 28, 2026, 11:06:26 AM","-","20.07","-","-","22.15","-"
"MDC-Mgmt","Feb 28, 2026, 7:00:00 PM","20.31","-","-","22.15","-","-"
"MDC-Mgmt","Mar 1, 2026, 11:04:10 AM","-","20.12","-","-","22.2","-"
"MDC-Mgmt","Mar 1, 2026, 7:00:00 PM","20.37","-","-","22.25","-","-"
"MDC-Mgmt","Mar 2, 2026, 11:07:13 AM","-","20.16","-","-","22.26","-"
"MDC-Mgmt","Mar 2, 2026, 7:00:00 PM","20.75","-","-","22.31","-","-"
"MDC-Mgmt","Mar 3, 2026, 11:05:14 AM","-","20.21","-","-","22.31","-"
"MDC-Mgmt","Mar 3, 2026, 7:00:00 PM","20.49","-","-","22.39","-","-"
"MDC-Mgmt","Mar 4, 2026, 11:03:33 AM","-","20.26","-","-","22.36","-"
"MDC-Mgmt","Mar 4, 2026, 7:00:00 PM","20.65","-","-","22.45","-","-"
"MDC-Mgmt","Mar 5, 2026, 11:06:48 AM","-","20.31","-","-","22.42","-"
"MDC-Mgmt","Mar 5, 2026, 7:00:00 PM","20.93","-","-","22.49","-","-"
"MDC-Mgmt","Mar 6, 2026, 11:04:41 AM","-","20.35","-","-","22.47","-"
"MDC-Mgmt","Mar 6, 2026, 7:00:00 PM","21.08","-","-","22.52","-","-"
"MDC-Mgmt","Mar 7, 2026, 11:07:41 AM","-","20.4","-","-","22.52","-"
"MDC-Mgmt","Mar 7, 2026, 7:00:00 PM","20.46","-","-","22.53","-","-"
"MDC-Mgmt","Mar 8, 2026, 11:05:59 AM","-","20.45","-","-","22.57","-"
"MDC-Mgmt","Mar 8, 2026, 7:00:00 PM","20.15","-","-","22.62","-","-"
"MDC-Mgmt","Mar 9, 2026, 11:04:20 AM","-","20.5","-","-","22.63","-"
"MDC-Mgmt","Mar 9, 2026, 7:00:00 PM","20.68","-","-","22.64","-","-"
"MDC-Mgmt","Mar 10, 2026, 11:02:46 AM","-","20.54","-","-","22.68","-"
"MDC-Mgmt","Mar 10, 2026, 7:00:00 PM","21.08","-","-","22.66","-","-"
"MDC-Mgmt","Mar 11, 2026, 11:06:09 AM","-","20.59","-","-","22.73","-"
"MDC-Mgmt","Mar 11, 2026, 7:00:00 PM","21.78","-","-","22.92","-","-"
"MDC-Mgmt","Mar 12, 2026, 11:04:09 AM","-","20.64","-","-","22.78","-"
"MDC-Mgmt","Mar 12, 2026, 7:00:00 PM","20.84","-","-","22.93","-","-"
"MDC-Mgmt","Mar 13, 2026, 11:07:18 AM","-","20.69","-","-","22.84","-"
"MDC-Mgmt","Mar 13, 2026, 7:00:00 PM","21.45","-","-","22.93","-","-"
"MDC-Mgmt","Mar 14, 2026, 11:05:23 AM","-","20.73","-","-","22.89","-"
"MDC-Mgmt","Mar 14, 2026, 7:00:00 PM","20.66","-","-","22.95","-","-"
"MDC-Mgmt","Mar 15, 2026, 11:03:33 AM","-","20.78","-","-","22.94","-"
"MDC-Mgmt","Mar 15, 2026, 7:00:00 PM","20.47","-","-","22.91","-","-"
"MDC-Mgmt","Mar 16, 2026, 11:06:28 AM","-","20.83","-","-","23","-"
"MDC-Mgmt","Mar 16, 2026, 7:00:00 PM","20.78","-","-","22.96","-","-"
"MDC-Mgmt","Mar 17, 2026, 11:04:26 AM","-","20.88","-","-","23.05","-"
"MDC-Mgmt","Mar 17, 2026, 7:00:00 PM","20.65","-","-","23.04","-","-"
"MDC-Mgmt","Mar 18, 2026, 11:07:32 AM","-","20.92","-","-","23.1","-"
"MDC-Mgmt","Mar 18, 2026, 7:00:00 PM","20.5","-","-","23.05","-","-"
"MDC-Mgmt","Mar 19, 2026, 11:05:30 AM","-","20.97","-","-","23.15","-"
"MDC-Mgmt","Mar 19, 2026, 7:00:00 PM","20.43","-","-","23.05","-","-"
"MDC-Mgmt","Mar 20, 2026, 11:03:39 AM","-","21.02","-","-","23.21","-"
"MDC-Mgmt","Mar 20, 2026, 7:00:00 PM","20.21","-","-","23.12","-","-"
"MDC-Mgmt","Mar 21, 2026, 11:06:53 AM","-","21.07","-","-","23.26","-"
"MDC-Mgmt","Mar 21, 2026, 7:00:00 PM","20.26","-","-","23.21","-","-"
"MDC-Mgmt","Mar 22, 2026, 11:04:48 AM","-","21.11","-","-","23.31","-"
"MDC-Mgmt","Mar 22, 2026, 7:00:00 PM","20.48","-","-","21.81","-","-"
"MDC-Mgmt","Mar 23, 2026, 11:03:02 AM","-","21.16","-","-","23.36","-"
"MDC-Mgmt","Mar 23, 2026, 7:00:00 PM","20.25","-","-","22.28","-","-"
"MDC-Mgmt","Mar 24, 2026, 11:06:12 AM","-","21.21","-","-","23.42","-"
"MDC-Mgmt","Mar 24, 2026, 7:00:00 PM","21.28","-","-","23.17","-","-"
"MDC-Mgmt","Mar 25, 2026, 11:04:18 AM","-","21.26","-","-","23.47","-"
"MDC-Mgmt","Mar 25, 2026, 7:00:00 PM","20.74","-","-","22.74","-","-"
"MDC-Mgmt","Mar 26, 2026, 11:07:39 AM","-","21.3","-","-","23.52","-"
"MDC-Mgmt","Mar 26, 2026, 7:00:00 PM","21.05","-","-","22.81","-","-"
"MDC-Mgmt","Mar 27, 2026, 11:05:47 AM","-","21.35","-","-","23.58","-"
"MDC-Mgmt","Mar 27, 2026, 7:00:00 PM","21.31","-","-","22.88","-","-"
"MDC-Mgmt","Mar 28, 2026, 11:04:02 AM","-","21.4","-","-","23.63","-"
"MDC-Mgmt","Mar 28, 2026, 7:00:00 PM","20.12","-","-","22.91","-","-"
"MDC-Mgmt","Mar 29, 2026, 11:07:16 AM","-","21.45","-","-","23.68","-"
"MDC-Mgmt","Mar 29, 2026, 7:00:00 PM","20.22","-","-","22.93","-","-"
"MDC-Mgmt","Mar 30, 2026, 11:05:28 AM","-","21.49","-","-","23.73","-"
"MDC-Mgmt","Mar 30, 2026, 7:00:00 PM","21.1","-","-","22.99","-","-"
"MDC-Mgmt","Mar 31, 2026, 11:03:25 AM","-","21.54","-","-","23.79","-"
"MDC-Mgmt","Mar 31, 2026, 7:00:00 PM","20.76","-","-","22.98","-","-"
"MDC-Mgmt","Apr 1, 2026, 11:06:22 AM","-","21.59","-","-","23.84","-"
"MDC-Mgmt","Apr 1, 2026, 7:00:00 PM","20.45","-","-","22.76","-","-"
"MDC-Mgmt","Apr 2, 2026, 11:04:37 AM","-","21.64","-","-","23.89","-"
"MDC-Mgmt","Apr 2, 2026, 7:00:00 PM","20.37","-","-","22.71","-","-"
"MDC-Mgmt","Apr 3, 2026, 11:02:50 AM","-","21.68","-","-","23.94","-"
"MDC-Mgmt","Apr 3, 2026, 7:00:00 PM","20.75","-","-","22.86","-","-"
"MDC-Mgmt","Apr 4, 2026, 11:06:10 AM","-","21.73","-","-","24","-"
"MDC-Mgmt","Apr 4, 2026, 7:00:00 PM","19.93","-","-","22.91","-","-"
"MDC-Mgmt","Apr 5, 2026, 11:04:23 AM","-","21.78","-","-","24.05","-"
"MDC-Mgmt","Apr 5, 2026, 7:00:00 PM","20.38","-","-","22.98","-","-"
"MDC-Mgmt","Apr 6, 2026, 11:02:44 AM","-","21.83","-","-","24.1","-"
"MDC-Mgmt","Apr 6, 2026, 7:00:00 PM","21.21","-","-","23.01","-","-"
"MDC-Mgmt","Apr 7, 2026, 11:05:54 AM","-","21.87","-","-","24.16","-"
"MDC-Mgmt","Apr 7, 2026, 7:00:00 PM","21.15","-","-","23.04","-","-"
"MDC-Mgmt","Apr 8, 2026, 11:04:25 AM","-","21.92","-","-","24.21","-"
"MDC-Mgmt","Apr 8, 2026, 7:00:00 PM","21.54","-","-","23.06","-","-"
"MDC-Mgmt","Apr 9, 2026, 11:02:53 AM","-","21.97","-","-","24.26","-"
"MDC-Mgmt","Apr 9, 2026, 7:00:00 PM","21.09","-","-","23.07","-","-"
"MDC-Mgmt","Apr 10, 2026, 11:06:18 AM","-","22.02","-","-","24.31","-"
"MDC-Mgmt","Apr 10, 2026, 7:00:00 PM","21.55","-","-","23.07","-","-"
"MDC-Mgmt","Apr 11, 2026, 11:04:11 AM","-","22.06","-","-","24.37","-"
"MDC-Mgmt","Apr 11, 2026, 7:00:00 PM","20.92","-","-","23.08","-","-"
"MDC-Mgmt","Apr 12, 2026, 11:07:22 AM","-","22.11","-","-","24.42","-"
"MDC-Mgmt","Apr 12, 2026, 7:00:00 PM","21.2","-","-","23.09","-","-"
"MDC-Mgmt","Apr 13, 2026, 11:05:31 AM","-","22.16","-","-","24.47","-"
"MDC-Mgmt","Apr 13, 2026, 7:00:00 PM","22.04","-","-","23.09","-","-"
"MDC-Mgmt","Apr 14, 2026, 11:03:55 AM","-","22.21","-","-","24.52","-"
"MDC-Mgmt","Apr 14, 2026, 7:00:00 PM","22.11","-","-","23.1","-","-"
"MDC-Mgmt","Apr 15, 2026, 11:07:17 AM","-","22.25","-","-","24.58","-"
"MDC-Mgmt","Apr 15, 2026, 7:00:00 PM","22.05","-","-","23.18","-","-"
"MDC-Mgmt","Apr 16, 2026, 11:05:34 AM","-","22.3","-","-","24.63","-"
"MDC-Mgmt","Apr 16, 2026, 7:00:00 PM","21.97","-","-","23.45","-","-"
"MDC-Mgmt","Apr 17, 2026, 11:03:41 AM","-","22.35","-","-","24.68","-"
"MDC-Mgmt","Apr 17, 2026, 7:00:00 PM","22.12","-","-","23.67","-","-"
"MDC-Mgmt","Apr 18, 2026, 11:06:55 AM","-","22.4","-","-","24.74","-"
"MDC-Mgmt","Apr 18, 2026, 7:00:00 PM","21.46","-","-","23.67","-","-"
"MDC-Mgmt","Apr 19, 2026, 11:04:59 AM","-","22.44","-","-","24.79","-"
"MDC-Mgmt","Apr 19, 2026, 7:00:00 PM","21.52","-","-","23.7","-","-"
"MDC-Mgmt","Apr 20, 2026, 11:03:29 AM","-","22.49","-","-","24.84","-"
"MDC-Mgmt","Apr 20, 2026, 7:00:00 PM","22.28","-","-","23.76","-","-"
"MDC-Mgmt","Apr 21, 2026, 11:06:43 AM","-","22.54","-","-","24.89","-"
"MDC-Mgmt","Apr 21, 2026, 7:00:00 PM","22.78","-","-","25.06","-","-"
"MDC-Mgmt","Apr 22, 2026, 11:04:59 AM","-","22.59","-","-","24.95","-"
"MDC-Mgmt","Apr 22, 2026, 7:00:00 PM","23.53","-","-","28.05","-","-"
"MDC-Mgmt","Apr 23, 2026, 11:03:18 AM","-","22.63","-","-","25","-"
"MDC-Mgmt","Apr 23, 2026, 7:00:00 PM","23.51","-","-","28.12","-","-"
"MDC-Mgmt","Apr 24, 2026, 11:06:26 AM","-","22.68","-","-","25.05","-"
"MDC-Mgmt","Apr 24, 2026, 7:00:00 PM","23.32","-","-","28.08","-","-"
"MDC-Mgmt","Apr 25, 2026, 11:04:46 AM","-","22.73","-","-","25.11","-"
"MDC-Mgmt","Apr 25, 2026, 7:00:00 PM","24.44","-","-","28.21","-","-"
"MDC-Mgmt","Apr 26, 2026, 11:03:00 AM","-","22.78","-","-","25.16","-"
"MDC-Mgmt","Apr 26, 2026, 7:00:00 PM","24.89","-","-","27.25","-","-"
"MDC-Mgmt","Apr 27, 2026, 11:06:06 AM","-","22.82","-","-","25.21","-"
"MDC-Mgmt","Apr 27, 2026, 7:00:00 PM","24.6","-","-","27.45","-","-"
"MDC-Mgmt","Apr 28, 2026, 11:04:12 AM","-","22.87","-","-","25.26","-"
"MDC-Mgmt","Apr 28, 2026, 7:00:00 PM","24.83","-","-","27.73","-","-"
"MDC-Mgmt","Apr 29, 2026, 11:07:23 AM","-","22.92","-","-","25.32","-"
"MDC-Mgmt","Apr 29, 2026, 7:00:00 PM","24.69","-","-","27.91","-","-"
"MDC-Mgmt","Apr 30, 2026, 10:05:14 AM","-","22.96","22.96","-","25.37","25.37"
"MDC-Mgmt","Apr 30, 2026, 7:00:00 PM","26.87","-","-","27.82","-","-"
"MDC-Mgmt","May 1, 2026, 10:05:14 AM","-","-","23.01","-","-","25.42"
"MDC-Mgmt","May 2, 2026, 10:05:14 AM","-","-","23.06","-","-","25.47"
"MDC-Mgmt","May 3, 2026, 10:05:14 AM","-","-","23.11","-","-","25.52"
"MDC-Mgmt","May 4, 2026, 10:05:14 AM","-","-","23.15","-","-","25.58"
"MDC-Mgmt","May 5, 2026, 10:05:14 AM","-","-","23.2","-","-","25.63"
"Host-Build","Oct 30, 2025, 7:00:00 PM","0","-","-","0","-","-"
"Host-Build","Oct 31, 2025, 7:00:00 PM","0","-","-","0","-","-"
"Host-Build","Nov 1, 2025, 7:00:00 PM","0","-","-","0","-","-"
"Host-Build","Nov 2, 2025, 7:00:00 PM","0","-","-","0","-","-"
"Host-Build","Nov 3, 2025, 7:00:00 PM","0","-","-","0","-","-"
"Host-Build","Nov 4, 2025, 7:00:00 PM","0","-","-","0","-","-"
"Host-Build","Nov 5, 2025, 7:00:00 PM","0","-","-","0","-","-"
"Host-Build","Nov 6, 2025, 7:00:00 PM","0","-","-","0","-","-"
"Host-Build","Nov 7, 2025, 7:00:00 PM","0","-","-","0","-","-"
"Host-Build","Nov 8, 2025, 7:00:00 PM","0","-","-","0","-","-"
"Host-Build","Nov 9, 2025, 7:00:00 PM","0","-","-","0","-","-"
"Host-Build","Nov 10, 2025, 7:00:00 PM","0","-","-","0","-","-"
"Host-Build","Nov 11, 2025, 7:00:00 PM","0","-","-","0","-","-"
"Host-Build","Nov 12, 2025, 7:00:00 PM","0","-","-","0","-","-"
"Host-Build","Nov 13, 2025, 7:00:00 PM","0","-","-","0","-","-"
"Host-Build","Nov 14, 2025, 7:00:00 PM","0","-","-","0","-","-"
"Host-Build","Nov 15, 2025, 7:00:00 PM","0","-","-","0","-","-"
"Host-Build","Nov 16, 2025, 7:00:00 PM","0","-","-","0","-","-"
"Host-Build","Nov 17, 2025, 7:00:00 PM","0","-","-","0","-","-"
"Host-Build","Nov 18, 2025, 7:00:00 PM","0","-","-","0","-","-"
"Host-Build","Nov 19, 2025, 7:00:00 PM","0","-","-","0","-","-"
"Host-Build","Nov 20, 2025, 7:00:00 PM","0","-","-","0","-","-"
"Host-Build","Nov 21, 2025, 7:00:00 PM","0","-","-","0","-","-"
"Host-Build","Nov 22, 2025, 7:00:00 PM","0","-","-","0","-","-"
"Host-Build","Nov 23, 2025, 7:00:00 PM","0","-","-","0","-","-"
"Host-Build","Nov 24, 2025, 7:00:00 PM","0","-","-","0","-","-"
"Host-Build","Nov 25, 2025, 7:00:00 PM","0","-","-","0","-","-"
"Host-Build","Nov 26, 2025, 7:00:00 PM","0","-","-","0","-","-"
"Host-Build","Nov 27, 2025, 7:00:00 PM","0","-","-","0","-","-"
"Host-Build","Nov 28, 2025, 7:00:00 PM","0","-","-","0","-","-"
"Host-Build","Nov 29, 2025, 7:00:00 PM","0","-","-","0","-","-"
"Host-Build","Nov 30, 2025, 7:00:00 PM","0","-","-","0","-","-"
"Host-Build","Dec 1, 2025, 7:00:00 PM","0","-","-","0","-","-"
"Host-Build","Dec 2, 2025, 7:00:00 PM","0","-","-","0","-","-"
"Host-Build","Dec 3, 2025, 7:00:00 PM","0","-","-","0","-","-"
"Host-Build","Dec 4, 2025, 7:00:00 PM","0","-","-","0","-","-"
"Host-Build","Dec 5, 2025, 7:00:00 PM","0","-","-","0","-","-"
"Host-Build","Dec 6, 2025, 7:00:00 PM","0","-","-","0","-","-"
"Host-Build","Dec 7, 2025, 7:00:00 PM","0","-","-","0","-","-"
"Host-Build","Dec 8, 2025, 7:00:00 PM","0","-","-","0","-","-"
"Host-Build","Dec 9, 2025, 7:00:00 PM","0","-","-","0","-","-"
"Host-Build","Dec 10, 2025, 7:00:00 PM","0","-","-","0","-","-"
"Host-Build","Dec 11, 2025, 7:00:00 PM","0","-","-","0","-","-"
"Host-Build","Dec 12, 2025, 7:00:00 PM","0","-","-","0","-","-"
"Host-Build","Dec 13, 2025, 7:00:00 PM","0","-","-","0","-","-"
"Host-Build","Dec 14, 2025, 7:00:00 PM","0","-","-","0","-","-"
"Host-Build","Dec 15, 2025, 7:00:00 PM","0","-","-","0","-","-"
"Host-Build","Dec 16, 2025, 7:00:00 PM","0","-","-","0","-","-"
"Host-Build","Dec 17, 2025, 7:00:00 PM","0","-","-","0","-","-"
"Host-Build","Dec 18, 2025, 7:00:00 PM","0","-","-","0","-","-"
"Host-Build","Dec 19, 2025, 7:00:00 PM","0","-","-","0","-","-"
"Host-Build","Dec 20, 2025, 7:00:00 PM","0","-","-","0","-","-"
"Host-Build","Dec 21, 2025, 7:00:00 PM","0","-","-","0","-","-"
"Host-Build","Dec 22, 2025, 7:00:00 PM","0","-","-","0","-","-"
"Host-Build","Dec 23, 2025, 7:00:00 PM","0","-","-","0","-","-"
"Host-Build","Dec 24, 2025, 7:00:00 PM","0","-","-","0","-","-"
"Host-Build","Dec 25, 2025, 7:00:00 PM","0","-","-","0","-","-"
"Host-Build","Dec 26, 2025, 7:00:00 PM","0","-","-","0","-","-"
"Host-Build","Dec 27, 2025, 7:00:00 PM","0","-","-","0","-","-"
"Host-Build","Dec 28, 2025, 7:00:00 PM","0","-","-","0","-","-"
"Host-Build","Dec 29, 2025, 7:00:00 PM","0","-","-","0","-","-"
"Host-Build","Dec 30, 2025, 7:00:00 PM","0","-","-","0","-","-"
"Host-Build","Dec 31, 2025, 7:00:00 PM","0","-","-","0","-","-"
"Host-Build","Jan 1, 2026, 7:00:00 PM","0","-","-","0","-","-"
"Host-Build","Jan 2, 2026, 7:00:00 PM","0","-","-","0","-","-"
"Host-Build","Jan 3, 2026, 7:00:00 PM","0","-","-","0","-","-"
"Host-Build","Jan 4, 2026, 7:00:00 PM","0","-","-","0","-","-"
"Host-Build","Jan 5, 2026, 7:00:00 PM","0","-","-","0","-","-"
"Host-Build","Jan 6, 2026, 7:00:00 PM","0","-","-","0","-","-"
"Host-Build","Jan 7, 2026, 7:00:00 PM","0","-","-","0","-","-"
"Host-Build","Jan 8, 2026, 7:00:00 PM","0","-","-","0","-","-"
"Host-Build","Jan 9, 2026, 7:00:00 PM","0","-","-","0","-","-"
"Host-Build","Jan 10, 2026, 7:00:00 PM","0","-","-","0","-","-"
"Host-Build","Jan 11, 2026, 7:00:00 PM","0","-","-","0","-","-"
"Host-Build","Jan 12, 2026, 7:00:00 PM","0","-","-","0","-","-"
"Host-Build","Jan 13, 2026, 7:00:00 PM","0","-","-","0","-","-"
"Host-Build","Jan 14, 2026, 7:00:00 PM","0","-","-","0","-","-"
"Host-Build","Jan 15, 2026, 7:00:00 PM","0","-","-","0","-","-"
"Host-Build","Jan 16, 2026, 7:00:00 PM","0","-","-","0","-","-"
"Host-Build","Jan 17, 2026, 7:00:00 PM","0","-","-","0","-","-"
"Host-Build","Jan 18, 2026, 7:00:00 PM","0","-","-","0","-","-"
"Host-Build","Jan 19, 2026, 7:00:00 PM","0","-","-","0","-","-"
"Host-Build","Jan 20, 2026, 7:00:00 PM","0","-","-","0","-","-"
"Host-Build","Jan 21, 2026, 7:00:00 PM","0","-","-","0","-","-"
"Host-Build","Jan 22, 2026, 7:00:00 PM","0","-","-","0","-","-"
"Host-Build","Jan 23, 2026, 7:00:00 PM","0","-","-","0","-","-"
"Host-Build","Jan 24, 2026, 7:00:00 PM","0","-","-","0","-","-"
"Host-Build","Jan 25, 2026, 7:00:00 PM","0","-","-","0","-","-"
"Host-Build","Jan 26, 2026, 7:00:00 PM","0","-","-","0","-","-"
"Host-Build","Jan 27, 2026, 7:00:00 PM","0","-","-","0","-","-"
"Host-Build","Jan 28, 2026, 7:00:00 PM","0","-","-","0","-","-"
"Host-Build","Jan 29, 2026, 7:00:00 PM","0","-","-","0","-","-"
"Host-Build","Jan 30, 2026, 11:05:14 AM","-","0","-","-","0","-"
"Host-Build","Jan 30, 2026, 7:00:00 PM","0","-","-","0","-","-"
"Host-Build","Jan 31, 2026, 11:07:07 AM","-","0","-","-","0","-"
"Host-Build","Jan 31, 2026, 7:00:00 PM","0","-","-","0","-","-"
"Host-Build","Feb 1, 2026, 11:04:34 AM","-","0","-","-","0","-"
"Host-Build","Feb 1, 2026, 7:00:00 PM","0","-","-","0","-","-"
"Host-Build","Feb 2, 2026, 11:06:48 AM","-","0","-","-","0","-"
"Host-Build","Feb 2, 2026, 7:00:00 PM","0","-","-","0","-","-"
"Host-Build","Feb 3, 2026, 11:03:59 AM","-","0","-","-","0","-"
"Host-Build","Feb 3, 2026, 7:00:00 PM","0","-","-","0","-","-"
"Host-Build","Feb 4, 2026, 11:05:57 AM","-","0","-","-","0","-"
"Host-Build","Feb 4, 2026, 7:00:00 PM","0","-","-","0","-","-"
"Host-Build","Feb 5, 2026, 11:03:00 AM","-","0","-","-","0","-"
"Host-Build","Feb 5, 2026, 7:00:00 PM","0","-","-","0","-","-"
"Host-Build","Feb 6, 2026, 11:05:03 AM","-","0","-","-","0","-"
"Host-Build","Feb 6, 2026, 7:00:00 PM","0","-","-","0","-","-"
"Host-Build","Feb 7, 2026, 11:07:10 AM","-","0","-","-","0","-"
"Host-Build","Feb 7, 2026, 7:00:00 PM","0","-","-","0","-","-"
"Host-Build","Feb 8, 2026, 11:04:21 AM","-","0","-","-","0","-"
"Host-Build","Feb 8, 2026, 7:00:00 PM","0","-","-","0","-","-"
"Host-Build","Feb 9, 2026, 11:06:36 AM","-","0","-","-","0","-"
"Host-Build","Feb 9, 2026, 7:00:00 PM","0","-","-","0","-","-"
"Host-Build","Feb 10, 2026, 11:03:43 AM","-","0","-","-","0","-"
"Host-Build","Feb 10, 2026, 7:00:00 PM","0","-","-","0","-","-"
"Host-Build","Feb 11, 2026, 11:05:48 AM","-","0","-","-","0","-"
"Host-Build","Feb 11, 2026, 7:00:00 PM","0","-","-","0","-","-"
"Host-Build","Feb 12, 2026, 11:07:43 AM","-","0","-","-","0","-"
"Host-Build","Feb 12, 2026, 7:00:00 PM","0","-","-","0","-","-"
"Host-Build","Feb 13, 2026, 11:04:48 AM","-","0","-","-","0","-"
"Host-Build","Feb 13, 2026, 7:00:00 PM","0","-","-","0","-","-"
"Host-Build","Feb 14, 2026, 11:06:51 AM","-","0","-","-","0","-"
"Host-Build","Feb 14, 2026, 7:00:00 PM","0","-","-","0","-","-"
"Host-Build","Feb 15, 2026, 11:03:53 AM","-","0","-","-","0","-"
"Host-Build","Feb 15, 2026, 7:00:00 PM","0","-","-","0","-","-"
"Host-Build","Feb 16, 2026, 11:06:01 AM","-","0","-","-","0","-"
"Host-Build","Feb 16, 2026, 7:00:00 PM","0","-","-","0","-","-"
"Host-Build","Feb 17, 2026, 11:03:09 AM","-","0","-","-","0","-"
"Host-Build","Feb 17, 2026, 7:00:00 PM","0","-","-","0","-","-"
"Host-Build","Feb 18, 2026, 11:05:14 AM","-","0","-","-","0","-"
"Host-Build","Feb 18, 2026, 7:00:00 PM","0","-","-","0","-","-"
"Host-Build","Feb 19, 2026, 11:06:56 AM","-","0","-","-","0","-"
"Host-Build","Feb 19, 2026, 7:00:00 PM","0","-","-","0","-","-"
"Host-Build","Feb 20, 2026, 11:04:11 AM","-","0","-","-","0","-"
"Host-Build","Feb 20, 2026, 7:00:00 PM","0","-","-","0","-","-"
"Host-Build","Feb 21, 2026, 11:06:40 AM","-","0","-","-","0","-"
"Host-Build","Feb 21, 2026, 7:00:00 PM","0","-","-","0","-","-"
"Host-Build","Feb 22, 2026, 11:04:28 AM","-","0","-","-","0","-"
"Host-Build","Feb 22, 2026, 7:00:00 PM","0","-","-","0","-","-"
"Host-Build","Feb 23, 2026, 11:07:13 AM","-","0","-","-","0","-"
"Host-Build","Feb 23, 2026, 7:00:00 PM","0","-","-","0","-","-"
"Host-Build","Feb 24, 2026, 11:04:53 AM","-","0","-","-","0","-"
"Host-Build","Feb 24, 2026, 7:00:00 PM","0","-","-","0","-","-"
"Host-Build","Feb 25, 2026, 11:07:41 AM","-","0","-","-","0","-"
"Host-Build","Feb 25, 2026, 7:00:00 PM","0","-","-","0","-","-"
"Host-Build","Feb 26, 2026, 11:05:36 AM","-","0","-","-","0","-"
"Host-Build","Feb 26, 2026, 7:00:00 PM","0","-","-","0","-","-"
"Host-Build","Feb 27, 2026, 11:03:14 AM","-","0","-","-","0","-"
"Host-Build","Feb 27, 2026, 7:00:00 PM","0","-","-","0","-","-"
"Host-Build","Feb 28, 2026, 11:06:26 AM","-","0","-","-","0","-"
"Host-Build","Feb 28, 2026, 7:00:00 PM","0","-","-","0","-","-"
"Host-Build","Mar 1, 2026, 11:04:10 AM","-","0","-","-","0","-"
"Host-Build","Mar 1, 2026, 7:00:00 PM","0","-","-","0","-","-"
"Host-Build","Mar 2, 2026, 11:07:13 AM","-","0","-","-","0","-"
"Host-Build","Mar 2, 2026, 7:00:00 PM","0","-","-","0","-","-"
"Host-Build","Mar 3, 2026, 11:05:14 AM","-","0","-","-","0","-"
"Host-Build","Mar 3, 2026, 7:00:00 PM","0","-","-","0","-","-"
"Host-Build","Mar 4, 2026, 11:03:33 AM","-","0","-","-","0","-"
"Host-Build","Mar 4, 2026, 7:00:00 PM","0","-","-","0","-","-"
"Host-Build","Mar 5, 2026, 11:06:48 AM","-","0","-","-","0","-"
"Host-Build","Mar 5, 2026, 7:00:00 PM","0","-","-","0","-","-"
"Host-Build","Mar 6, 2026, 11:04:41 AM","-","0","-","-","0","-"
"Host-Build","Mar 6, 2026, 7:00:00 PM","0","-","-","0","-","-"
"Host-Build","Mar 7, 2026, 11:07:41 AM","-","0","-","-","0","-"
"Host-Build","Mar 7, 2026, 7:00:00 PM","0","-","-","0","-","-"
"Host-Build","Mar 8, 2026, 11:05:59 AM","-","0","-","-","0","-"
"Host-Build","Mar 8, 2026, 7:00:00 PM","0","-","-","0","-","-"
"Host-Build","Mar 9, 2026, 11:04:20 AM","-","0","-","-","0","-"
"Host-Build","Mar 9, 2026, 7:00:00 PM","0","-","-","0","-","-"
"Host-Build","Mar 10, 2026, 11:02:46 AM","-","0","-","-","0","-"
"Host-Build","Mar 10, 2026, 7:00:00 PM","0","-","-","0","-","-"
"Host-Build","Mar 11, 2026, 11:06:09 AM","-","0","-","-","0","-"
"Host-Build","Mar 11, 2026, 7:00:00 PM","0","-","-","0","-","-"
"Host-Build","Mar 12, 2026, 11:04:09 AM","-","0","-","-","0","-"
"Host-Build","Mar 12, 2026, 7:00:00 PM","0","-","-","0","-","-"
"Host-Build","Mar 13, 2026, 11:07:18 AM","-","0","-","-","0","-"
"Host-Build","Mar 13, 2026, 7:00:00 PM","0","-","-","0","-","-"
"Host-Build","Mar 14, 2026, 11:05:23 AM","-","0","-","-","0","-"
"Host-Build","Mar 14, 2026, 7:00:00 PM","0","-","-","0","-","-"
"Host-Build","Mar 15, 2026, 11:03:33 AM","-","0","-","-","0","-"
"Host-Build","Mar 15, 2026, 7:00:00 PM","0","-","-","0","-","-"
"Host-Build","Mar 16, 2026, 11:06:28 AM","-","0","-","-","0","-"
"Host-Build","Mar 16, 2026, 7:00:00 PM","0","-","-","0","-","-"
"Host-Build","Mar 17, 2026, 11:04:26 AM","-","0","-","-","0","-"
"Host-Build","Mar 17, 2026, 7:00:00 PM","0","-","-","0","-","-"
"Host-Build","Mar 18, 2026, 11:07:32 AM","-","0","-","-","0","-"
"Host-Build","Mar 18, 2026, 7:00:00 PM","0","-","-","0","-","-"
"Host-Build","Mar 19, 2026, 11:05:30 AM","-","0","-","-","0","-"
"Host-Build","Mar 19, 2026, 7:00:00 PM","0","-","-","0","-","-"
"Host-Build","Mar 20, 2026, 11:03:39 AM","-","0","-","-","0","-"
"Host-Build","Mar 20, 2026, 7:00:00 PM","0","-","-","0","-","-"
"Host-Build","Mar 21, 2026, 11:06:53 AM","-","0","-","-","0","-"
"Host-Build","Mar 21, 2026, 7:00:00 PM","0","-","-","0","-","-"
"Host-Build","Mar 22, 2026, 11:04:48 AM","-","0","-","-","0","-"
"Host-Build","Mar 22, 2026, 7:00:00 PM","0","-","-","0","-","-"
"Host-Build","Mar 23, 2026, 11:03:02 AM","-","0","-","-","0","-"
"Host-Build","Mar 23, 2026, 7:00:00 PM","0","-","-","0","-","-"
"Host-Build","Mar 24, 2026, 11:06:12 AM","-","0","-","-","0","-"
"Host-Build","Mar 24, 2026, 7:00:00 PM","0","-","-","0","-","-"
"Host-Build","Mar 25, 2026, 11:04:18 AM","-","0","-","-","0","-"
"Host-Build","Mar 25, 2026, 7:00:00 PM","0","-","-","0","-","-"
"Host-Build","Mar 26, 2026, 11:07:39 AM","-","0","-","-","0","-"
"Host-Build","Mar 26, 2026, 7:00:00 PM","0","-","-","0","-","-"
"Host-Build","Mar 27, 2026, 11:05:47 AM","-","0","-","-","0","-"
"Host-Build","Mar 27, 2026, 7:00:00 PM","0","-","-","0","-","-"
"Host-Build","Mar 28, 2026, 11:04:02 AM","-","0","-","-","0","-"
"Host-Build","Mar 28, 2026, 7:00:00 PM","0","-","-","0","-","-"
"Host-Build","Mar 29, 2026, 11:07:16 AM","-","0","-","-","0","-"
"Host-Build","Mar 29, 2026, 7:00:00 PM","0","-","-","0","-","-"
"Host-Build","Mar 30, 2026, 11:05:28 AM","-","0","-","-","0","-"
"Host-Build","Mar 30, 2026, 7:00:00 PM","0","-","-","0","-","-"
"Host-Build","Mar 31, 2026, 11:03:25 AM","-","0","-","-","0","-"
"Host-Build","Mar 31, 2026, 7:00:00 PM","0","-","-","0","-","-"
"Host-Build","Apr 1, 2026, 11:06:22 AM","-","0","-","-","0","-"
"Host-Build","Apr 1, 2026, 7:00:00 PM","0","-","-","0","-","-"
"Host-Build","Apr 2, 2026, 11:04:37 AM","-","0","-","-","0","-"
"Host-Build","Apr 2, 2026, 7:00:00 PM","0","-","-","0","-","-"
"Host-Build","Apr 3, 2026, 11:02:50 AM","-","0","-","-","0","-"
"Host-Build","Apr 3, 2026, 7:00:00 PM","0","-","-","0","-","-"
"Host-Build","Apr 4, 2026, 11:06:10 AM","-","0","-","-","0","-"
"Host-Build","Apr 4, 2026, 7:00:00 PM","0","-","-","0","-","-"
"Host-Build","Apr 5, 2026, 11:04:23 AM","-","0","-","-","0","-"
"Host-Build","Apr 5, 2026, 7:00:00 PM","0","-","-","0","-","-"
"Host-Build","Apr 6, 2026, 11:02:44 AM","-","0","-","-","0","-"
"Host-Build","Apr 6, 2026, 7:00:00 PM","0","-","-","0","-","-"
"Host-Build","Apr 7, 2026, 11:05:54 AM","-","0","-","-","0","-"
"Host-Build","Apr 7, 2026, 7:00:00 PM","0","-","-","0","-","-"
"Host-Build","Apr 8, 2026, 11:04:25 AM","-","0","-","-","0","-"
"Host-Build","Apr 8, 2026, 7:00:00 PM","0","-","-","0","-","-"
"Host-Build","Apr 9, 2026, 11:02:53 AM","-","0","-","-","0","-"
"Host-Build","Apr 9, 2026, 7:00:00 PM","0","-","-","0","-","-"
"Host-Build","Apr 10, 2026, 11:06:18 AM","-","0","-","-","0","-"
"Host-Build","Apr 10, 2026, 7:00:00 PM","0","-","-","0","-","-"
"Host-Build","Apr 11, 2026, 11:04:11 AM","-","0","-","-","0","-"
"Host-Build","Apr 11, 2026, 7:00:00 PM","0","-","-","0","-","-"
"Host-Build","Apr 12, 2026, 11:07:22 AM","-","0","-","-","0","-"
"Host-Build","Apr 12, 2026, 7:00:00 PM","0","-","-","0","-","-"
"Host-Build","Apr 13, 2026, 11:05:31 AM","-","0","-","-","0","-"
"Host-Build","Apr 13, 2026, 7:00:00 PM","0","-","-","0","-","-"
"Host-Build","Apr 14, 2026, 11:03:55 AM","-","0","-","-","0","-"
"Host-Build","Apr 14, 2026, 7:00:00 PM","0","-","-","0","-","-"
"Host-Build","Apr 15, 2026, 11:07:17 AM","-","0","-","-","0","-"
"Host-Build","Apr 15, 2026, 7:00:00 PM","0","-","-","0","-","-"
"Host-Build","Apr 16, 2026, 11:05:34 AM","-","0","-","-","0","-"
"Host-Build","Apr 16, 2026, 7:00:00 PM","0","-","-","0","-","-"
"Host-Build","Apr 17, 2026, 11:03:41 AM","-","0","-","-","0","-"
"Host-Build","Apr 17, 2026, 7:00:00 PM","0","-","-","0","-","-"
"Host-Build","Apr 18, 2026, 11:06:55 AM","-","0","-","-","0","-"
"Host-Build","Apr 18, 2026, 7:00:00 PM","0","-","-","0","-","-"
"Host-Build","Apr 19, 2026, 11:04:59 AM","-","0","-","-","0","-"
"Host-Build","Apr 19, 2026, 7:00:00 PM","0","-","-","0","-","-"
"Host-Build","Apr 20, 2026, 11:03:29 AM","-","0","-","-","0","-"
"Host-Build","Apr 20, 2026, 7:00:00 PM","0","-","-","0","-","-"
"Host-Build","Apr 21, 2026, 11:06:43 AM","-","0","-","-","0","-"
"Host-Build","Apr 21, 2026, 7:00:00 PM","0","-","-","0","-","-"
"Host-Build","Apr 22, 2026, 11:04:59 AM","-","0","-","-","0","-"
"Host-Build","Apr 22, 2026, 7:00:00 PM","0","-","-","0","-","-"
"Host-Build","Apr 23, 2026, 11:03:18 AM","-","0","-","-","0","-"
"Host-Build","Apr 23, 2026, 7:00:00 PM","0","-","-","0","-","-"
"Host-Build","Apr 24, 2026, 11:06:26 AM","-","0","-","-","0","-"
"Host-Build","Apr 24, 2026, 7:00:00 PM","0","-","-","0","-","-"
"Host-Build","Apr 25, 2026, 11:04:46 AM","-","0","-","-","0","-"
"Host-Build","Apr 25, 2026, 7:00:00 PM","0","-","-","0","-","-"
"Host-Build","Apr 26, 2026, 11:03:00 AM","-","0","-","-","0","-"
"Host-Build","Apr 26, 2026, 7:00:00 PM","0","-","-","0","-","-"
"Host-Build","Apr 27, 2026, 11:06:06 AM","-","0","-","-","0","-"
"Host-Build","Apr 27, 2026, 7:00:00 PM","0","-","-","0","-","-"
"Host-Build","Apr 28, 2026, 11:04:12 AM","-","0","-","-","0","-"
"Host-Build","Apr 28, 2026, 7:00:00 PM","0","-","-","0","-","-"
"Host-Build","Apr 29, 2026, 11:07:23 AM","-","0","-","-","0","-"
"Host-Build","Apr 29, 2026, 7:00:00 PM","0","-","-","0","-","-"
"Host-Build","Apr 30, 2026, 10:05:14 AM","-","0","0","-","0","0"
"Host-Build","Apr 30, 2026, 7:00:00 PM","0","-","-","0","-","-"
"Host-Build","May 1, 2026, 10:05:14 AM","-","-","0","-","-","0"
"Host-Build","May 2, 2026, 10:05:14 AM","-","-","0","-","-","0"
"Host-Build","May 3, 2026, 10:05:14 AM","-","-","0","-","-","0"
"Host-Build","May 4, 2026, 10:05:14 AM","-","-","0","-","-","0"
"Host-Build","May 5, 2026, 10:05:14 AM","-","-","0","-","-","0"
